-- dict_unit
INSERT INTO `dict_unit` (`id`, `name`) VALUES (1, 'u1');
INSERT INTO `dict_unit` (`id`, `name`) VALUES (2, 'u2');
INSERT INTO `dict_unit` (`id`, `name`) VALUES (4, 'u4');
INSERT INTO `dict_unit` (`id`, `name`) VALUES (8, 'u8');

-- dict_structure
INSERT INTO `dict_structure` (`name`) VALUES ('class_file');
INSERT INTO `dict_structure` (`name`) VALUES ('cp_info');
INSERT INTO `dict_structure` (`name`) VALUES ('field_info');
INSERT INTO `dict_structure` (`name`) VALUES ('method_info');
INSERT INTO `dict_structure` (`name`) VALUES ('attribute_info');

-- biz_opcode
INSERT INTO `biz_opcode` (`id`, `name`) VALUES (0, 'nop');
INSERT INTO `biz_opcode` (`id`, `name`) VALUES (1, 'aconst_null');
INSERT INTO `biz_opcode` (`id`, `name`) VALUES (2, 'iconst_m1');
INSERT INTO `biz_opcode` (`id`, `name`) VALUES (3, 'iconst_0');
INSERT INTO `biz_opcode` (`id`, `name`) VALUES (4, 'iconst_1');
INSERT INTO `biz_opcode` (`id`, `name`) VALUES (5, 'iconst_2');
INSERT INTO `biz_opcode` (`id`, `name`) VALUES (6, 'iconst_3');
INSERT INTO `biz_opcode` (`id`, `name`) VALUES (7, 'iconst_4');
INSERT INTO `biz_opcode` (`id`, `name`) VALUES (8, 'iconst_5');
INSERT INTO `biz_opcode` (`id`, `name`) VALUES (9, 'lconst_0');
INSERT INTO `biz_opcode` (`id`, `name`) VALUES (10, 'lconst_1');
INSERT INTO `biz_opcode` (`id`, `name`) VALUES (11, 'fconst_0');
INSERT INTO `biz_opcode` (`id`, `name`) VALUES (12, 'fconst_1');
INSERT INTO `biz_opcode` (`id`, `name`) VALUES (13, 'fconst_2');
INSERT INTO `biz_opcode` (`id`, `name`) VALUES (14, 'dconst_0');
INSERT INTO `biz_opcode` (`id`, `name`) VALUES (15, 'dconst_1');
INSERT INTO `biz_opcode` (`id`, `name`) VALUES (16, 'bipush');
INSERT INTO `biz_opcode` (`id`, `name`) VALUES (17, 'sipush');
INSERT INTO `biz_opcode` (`id`, `name`) VALUES (18, 'ldc');
INSERT INTO `biz_opcode` (`id`, `name`) VALUES (19, 'ldc_w');
INSERT INTO `biz_opcode` (`id`, `name`) VALUES (20, 'ldc2_w');
INSERT INTO `biz_opcode` (`id`, `name`) VALUES (21, 'iload');
INSERT INTO `biz_opcode` (`id`, `name`) VALUES (22, 'lload');
INSERT INTO `biz_opcode` (`id`, `name`) VALUES (23, 'fload');
INSERT INTO `biz_opcode` (`id`, `name`) VALUES (24, 'dload');
INSERT INTO `biz_opcode` (`id`, `name`) VALUES (25, 'aload');
INSERT INTO `biz_opcode` (`id`, `name`) VALUES (26, 'iload_0');
INSERT INTO `biz_opcode` (`id`, `name`) VALUES (27, 'iload_1');
INSERT INTO `biz_opcode` (`id`, `name`) VALUES (28, 'iload_2');
INSERT INTO `biz_opcode` (`id`, `name`) VALUES (29, 'iload_3');
INSERT INTO `biz_opcode` (`id`, `name`) VALUES (30, 'lload_0');
INSERT INTO `biz_opcode` (`id`, `name`) VALUES (31, 'lload_1');
INSERT INTO `biz_opcode` (`id`, `name`) VALUES (32, 'lload_2');
INSERT INTO `biz_opcode` (`id`, `name`) VALUES (33, 'lload_3');
INSERT INTO `biz_opcode` (`id`, `name`) VALUES (34, 'fload_0');
INSERT INTO `biz_opcode` (`id`, `name`) VALUES (35, 'fload_1');
INSERT INTO `biz_opcode` (`id`, `name`) VALUES (36, 'fload_2');
INSERT INTO `biz_opcode` (`id`, `name`) VALUES (37, 'fload_3');
INSERT INTO `biz_opcode` (`id`, `name`) VALUES (38, 'dload_0');
INSERT INTO `biz_opcode` (`id`, `name`) VALUES (39, 'dload_1');
INSERT INTO `biz_opcode` (`id`, `name`) VALUES (40, 'dload_2');
INSERT INTO `biz_opcode` (`id`, `name`) VALUES (41, 'dload_3');
INSERT INTO `biz_opcode` (`id`, `name`) VALUES (42, 'aload_0');
INSERT INTO `biz_opcode` (`id`, `name`) VALUES (43, 'aload_1');
INSERT INTO `biz_opcode` (`id`, `name`) VALUES (44, 'aload_2');
INSERT INTO `biz_opcode` (`id`, `name`) VALUES (45, 'aload_3');
INSERT INTO `biz_opcode` (`id`, `name`) VALUES (46, 'iaload');
INSERT INTO `biz_opcode` (`id`, `name`) VALUES (47, 'laload');
INSERT INTO `biz_opcode` (`id`, `name`) VALUES (48, 'faload');
INSERT INTO `biz_opcode` (`id`, `name`) VALUES (49, 'daload');
INSERT INTO `biz_opcode` (`id`, `name`) VALUES (50, 'aaload');
INSERT INTO `biz_opcode` (`id`, `name`) VALUES (51, 'baload');
INSERT INTO `biz_opcode` (`id`, `name`) VALUES (52, 'caload');
INSERT INTO `biz_opcode` (`id`, `name`) VALUES (53, 'saload');
INSERT INTO `biz_opcode` (`id`, `name`) VALUES (54, 'istore');
INSERT INTO `biz_opcode` (`id`, `name`) VALUES (55, 'lstore');
INSERT INTO `biz_opcode` (`id`, `name`) VALUES (56, 'fstore');
INSERT INTO `biz_opcode` (`id`, `name`) VALUES (57, 'dstore');
INSERT INTO `biz_opcode` (`id`, `name`) VALUES (58, 'astore');
INSERT INTO `biz_opcode` (`id`, `name`) VALUES (59, 'istore_0');
INSERT INTO `biz_opcode` (`id`, `name`) VALUES (60, 'istore_1');
INSERT INTO `biz_opcode` (`id`, `name`) VALUES (61, 'istore_2');
INSERT INTO `biz_opcode` (`id`, `name`) VALUES (62, 'istore_3');
INSERT INTO `biz_opcode` (`id`, `name`) VALUES (63, 'lstore_0');
INSERT INTO `biz_opcode` (`id`, `name`) VALUES (64, 'lstore_1');
INSERT INTO `biz_opcode` (`id`, `name`) VALUES (65, 'lstore_2');
INSERT INTO `biz_opcode` (`id`, `name`) VALUES (66, 'lstore_3');
INSERT INTO `biz_opcode` (`id`, `name`) VALUES (67, 'fstore_0');
INSERT INTO `biz_opcode` (`id`, `name`) VALUES (68, 'fstore_1');
INSERT INTO `biz_opcode` (`id`, `name`) VALUES (69, 'fstore_2');
INSERT INTO `biz_opcode` (`id`, `name`) VALUES (70, 'fstore_3');
INSERT INTO `biz_opcode` (`id`, `name`) VALUES (71, 'dstore_0');
INSERT INTO `biz_opcode` (`id`, `name`) VALUES (72, 'dstore_1');
INSERT INTO `biz_opcode` (`id`, `name`) VALUES (73, 'dstore_2');
INSERT INTO `biz_opcode` (`id`, `name`) VALUES (74, 'dstore_3');
INSERT INTO `biz_opcode` (`id`, `name`) VALUES (75, 'astore_0');
INSERT INTO `biz_opcode` (`id`, `name`) VALUES (76, 'astore_1');
INSERT INTO `biz_opcode` (`id`, `name`) VALUES (77, 'astore_2');
INSERT INTO `biz_opcode` (`id`, `name`) VALUES (78, 'astore_3');
INSERT INTO `biz_opcode` (`id`, `name`) VALUES (79, 'iastore');
INSERT INTO `biz_opcode` (`id`, `name`) VALUES (80, 'lastore');
INSERT INTO `biz_opcode` (`id`, `name`) VALUES (81, 'fastore');
INSERT INTO `biz_opcode` (`id`, `name`) VALUES (82, 'dastore');
INSERT INTO `biz_opcode` (`id`, `name`) VALUES (83, 'aastore');
INSERT INTO `biz_opcode` (`id`, `name`) VALUES (84, 'bastore');
INSERT INTO `biz_opcode` (`id`, `name`) VALUES (85, 'castore');
INSERT INTO `biz_opcode` (`id`, `name`) VALUES (86, 'sastore');
INSERT INTO `biz_opcode` (`id`, `name`) VALUES (87, 'pop');
INSERT INTO `biz_opcode` (`id`, `name`) VALUES (88, 'pop2');
INSERT INTO `biz_opcode` (`id`, `name`) VALUES (89, 'dup');
INSERT INTO `biz_opcode` (`id`, `name`) VALUES (90, 'dup_x1');
INSERT INTO `biz_opcode` (`id`, `name`) VALUES (91, 'dup_x2');
INSERT INTO `biz_opcode` (`id`, `name`) VALUES (92, 'dup2');
INSERT INTO `biz_opcode` (`id`, `name`) VALUES (93, 'dup2_x1');
INSERT INTO `biz_opcode` (`id`, `name`) VALUES (94, 'dup2_x2');
INSERT INTO `biz_opcode` (`id`, `name`) VALUES (95, 'swap');
INSERT INTO `biz_opcode` (`id`, `name`) VALUES (96, 'iadd');
INSERT INTO `biz_opcode` (`id`, `name`) VALUES (97, 'ladd');
INSERT INTO `biz_opcode` (`id`, `name`) VALUES (98, 'fadd');
INSERT INTO `biz_opcode` (`id`, `name`) VALUES (99, 'dadd');
INSERT INTO `biz_opcode` (`id`, `name`) VALUES (100, 'isub');
INSERT INTO `biz_opcode` (`id`, `name`) VALUES (101, 'lsub');
INSERT INTO `biz_opcode` (`id`, `name`) VALUES (102, 'fsub');
INSERT INTO `biz_opcode` (`id`, `name`) VALUES (103, 'dsub');
INSERT INTO `biz_opcode` (`id`, `name`) VALUES (104, 'imul');
INSERT INTO `biz_opcode` (`id`, `name`) VALUES (105, 'lmul');
INSERT INTO `biz_opcode` (`id`, `name`) VALUES (106, 'fmul');
INSERT INTO `biz_opcode` (`id`, `name`) VALUES (107, 'dmul');
INSERT INTO `biz_opcode` (`id`, `name`) VALUES (108, 'idiv');
INSERT INTO `biz_opcode` (`id`, `name`) VALUES (109, 'ldiv');
INSERT INTO `biz_opcode` (`id`, `name`) VALUES (110, 'fdiv');
INSERT INTO `biz_opcode` (`id`, `name`) VALUES (111, 'ddiv');
INSERT INTO `biz_opcode` (`id`, `name`) VALUES (112, 'irem');
INSERT INTO `biz_opcode` (`id`, `name`) VALUES (113, 'lrem');
INSERT INTO `biz_opcode` (`id`, `name`) VALUES (114, 'frem');
INSERT INTO `biz_opcode` (`id`, `name`) VALUES (115, 'drem');
INSERT INTO `biz_opcode` (`id`, `name`) VALUES (116, 'ineg');
INSERT INTO `biz_opcode` (`id`, `name`) VALUES (117, 'lneg');
INSERT INTO `biz_opcode` (`id`, `name`) VALUES (118, 'fneg');
INSERT INTO `biz_opcode` (`id`, `name`) VALUES (119, 'dneg');
INSERT INTO `biz_opcode` (`id`, `name`) VALUES (120, 'ishl');
INSERT INTO `biz_opcode` (`id`, `name`) VALUES (121, 'lshl');
INSERT INTO `biz_opcode` (`id`, `name`) VALUES (122, 'ishr');
INSERT INTO `biz_opcode` (`id`, `name`) VALUES (123, 'lshr');
INSERT INTO `biz_opcode` (`id`, `name`) VALUES (124, 'iushr');
INSERT INTO `biz_opcode` (`id`, `name`) VALUES (125, 'lushr');
INSERT INTO `biz_opcode` (`id`, `name`) VALUES (126, 'iand');
INSERT INTO `biz_opcode` (`id`, `name`) VALUES (127, 'land');
INSERT INTO `biz_opcode` (`id`, `name`) VALUES (128, 'ior');
INSERT INTO `biz_opcode` (`id`, `name`) VALUES (129, 'lor');
INSERT INTO `biz_opcode` (`id`, `name`) VALUES (130, 'ixor');
INSERT INTO `biz_opcode` (`id`, `name`) VALUES (131, 'lxor');
INSERT INTO `biz_opcode` (`id`, `name`) VALUES (132, 'iinc');
INSERT INTO `biz_opcode` (`id`, `name`) VALUES (133, 'i2l');
INSERT INTO `biz_opcode` (`id`, `name`) VALUES (134, 'i2f');
INSERT INTO `biz_opcode` (`id`, `name`) VALUES (135, 'i2d');
INSERT INTO `biz_opcode` (`id`, `name`) VALUES (136, 'l2i');
INSERT INTO `biz_opcode` (`id`, `name`) VALUES (137, 'l2f');
INSERT INTO `biz_opcode` (`id`, `name`) VALUES (138, 'l2d');
INSERT INTO `biz_opcode` (`id`, `name`) VALUES (139, 'f2i');
INSERT INTO `biz_opcode` (`id`, `name`) VALUES (140, 'f2l');
INSERT INTO `biz_opcode` (`id`, `name`) VALUES (141, 'f2d');
INSERT INTO `biz_opcode` (`id`, `name`) VALUES (142, 'd2i');
INSERT INTO `biz_opcode` (`id`, `name`) VALUES (143, 'd2l');
INSERT INTO `biz_opcode` (`id`, `name`) VALUES (144, 'd2f');
INSERT INTO `biz_opcode` (`id`, `name`) VALUES (145, 'i2b');
INSERT INTO `biz_opcode` (`id`, `name`) VALUES (146, 'i2c');
INSERT INTO `biz_opcode` (`id`, `name`) VALUES (147, 'i2s');
INSERT INTO `biz_opcode` (`id`, `name`) VALUES (148, 'lcmp');
INSERT INTO `biz_opcode` (`id`, `name`) VALUES (149, 'fcmpl');
INSERT INTO `biz_opcode` (`id`, `name`) VALUES (150, 'fcmpg');
INSERT INTO `biz_opcode` (`id`, `name`) VALUES (151, 'dcmpl');
INSERT INTO `biz_opcode` (`id`, `name`) VALUES (152, 'dcmpg');
INSERT INTO `biz_opcode` (`id`, `name`) VALUES (153, 'ifeq');
INSERT INTO `biz_opcode` (`id`, `name`) VALUES (154, 'ifne');
INSERT INTO `biz_opcode` (`id`, `name`) VALUES (155, 'iflt');
INSERT INTO `biz_opcode` (`id`, `name`) VALUES (156, 'ifge');
INSERT INTO `biz_opcode` (`id`, `name`) VALUES (157, 'ifgt');
INSERT INTO `biz_opcode` (`id`, `name`) VALUES (158, 'ifle');
INSERT INTO `biz_opcode` (`id`, `name`) VALUES (159, 'if_icmpeq');
INSERT INTO `biz_opcode` (`id`, `name`) VALUES (160, 'if_icmpne');
INSERT INTO `biz_opcode` (`id`, `name`) VALUES (161, 'if_icmplt');
INSERT INTO `biz_opcode` (`id`, `name`) VALUES (162, 'if_icmpge');
INSERT INTO `biz_opcode` (`id`, `name`) VALUES (163, 'if_icmpgt');
INSERT INTO `biz_opcode` (`id`, `name`) VALUES (164, 'if_icmple');
INSERT INTO `biz_opcode` (`id`, `name`) VALUES (165, 'if_acmpeq');
INSERT INTO `biz_opcode` (`id`, `name`) VALUES (166, 'if_acmpne');
INSERT INTO `biz_opcode` (`id`, `name`) VALUES (167, 'goto');
INSERT INTO `biz_opcode` (`id`, `name`) VALUES (168, 'jsr');
INSERT INTO `biz_opcode` (`id`, `name`) VALUES (169, 'ret');
INSERT INTO `biz_opcode` (`id`, `name`) VALUES (170, 'tableswitch');
INSERT INTO `biz_opcode` (`id`, `name`) VALUES (171, 'lookupswitch');
INSERT INTO `biz_opcode` (`id`, `name`) VALUES (172, 'ireturn');
INSERT INTO `biz_opcode` (`id`, `name`) VALUES (173, 'lreturn');
INSERT INTO `biz_opcode` (`id`, `name`) VALUES (174, 'freturn');
INSERT INTO `biz_opcode` (`id`, `name`) VALUES (175, 'dreturn');
INSERT INTO `biz_opcode` (`id`, `name`) VALUES (176, 'areturn');
INSERT INTO `biz_opcode` (`id`, `name`) VALUES (177, 'return');
INSERT INTO `biz_opcode` (`id`, `name`) VALUES (178, 'getstatic');
INSERT INTO `biz_opcode` (`id`, `name`) VALUES (179, 'putstatic');
INSERT INTO `biz_opcode` (`id`, `name`) VALUES (180, 'getfield');
INSERT INTO `biz_opcode` (`id`, `name`) VALUES (181, 'putfield');
INSERT INTO `biz_opcode` (`id`, `name`) VALUES (182, 'invokevirtual');
INSERT INTO `biz_opcode` (`id`, `name`) VALUES (183, 'invokespecial');
INSERT INTO `biz_opcode` (`id`, `name`) VALUES (184, 'invokestatic');
INSERT INTO `biz_opcode` (`id`, `name`) VALUES (185, 'invokeinterface');
INSERT INTO `biz_opcode` (`id`, `name`) VALUES (186, 'invokedynamic');
INSERT INTO `biz_opcode` (`id`, `name`) VALUES (187, 'new');
INSERT INTO `biz_opcode` (`id`, `name`) VALUES (188, 'newarray');
INSERT INTO `biz_opcode` (`id`, `name`) VALUES (189, 'anewarray');
INSERT INTO `biz_opcode` (`id`, `name`) VALUES (190, 'arraylength');
INSERT INTO `biz_opcode` (`id`, `name`) VALUES (191, 'athrow');
INSERT INTO `biz_opcode` (`id`, `name`) VALUES (192, 'checkcast');
INSERT INTO `biz_opcode` (`id`, `name`) VALUES (193, 'instanceof');
INSERT INTO `biz_opcode` (`id`, `name`) VALUES (194, 'monitorenter');
INSERT INTO `biz_opcode` (`id`, `name`) VALUES (195, 'monitorexit');
INSERT INTO `biz_opcode` (`id`, `name`) VALUES (196, 'wide');
INSERT INTO `biz_opcode` (`id`, `name`) VALUES (197, 'multianewarray');
INSERT INTO `biz_opcode` (`id`, `name`) VALUES (198, 'ifnull');
INSERT INTO `biz_opcode` (`id`, `name`) VALUES (199, 'ifnonnull');
INSERT INTO `biz_opcode` (`id`, `name`) VALUES (200, 'goto_w');
INSERT INTO `biz_opcode` (`id`, `name`) VALUES (201, 'jsr_w');
INSERT INTO `biz_opcode` (`id`, `name`) VALUES (202, 'breakpoint');
INSERT INTO `biz_opcode` (`id`, `name`) VALUES (254, 'impdep1');
INSERT INTO `biz_opcode` (`id`, `name`) VALUES (255, 'impdep2');

-- biz_instruction

INSERT INTO `biz_instruction` (`name`) VALUES ('AllocationInstruction');
INSERT INTO `biz_instruction` (`name`) VALUES ('ArithmeticInstruction');
INSERT INTO `biz_instruction` (`name`) VALUES ('ArrayInstruction');
INSERT INTO `biz_instruction` (`name`) VALUES ('BranchInstruction');
INSERT INTO `biz_instruction` (`name`) VALUES ('ConstantPushInstruction');
INSERT INTO `biz_instruction` (`name`) VALUES ('ConversionInstruction');
INSERT INTO `biz_instruction` (`name`) VALUES ('CPInstruction');
INSERT INTO `biz_instruction` (`name`) VALUES ('FieldInstruction');
INSERT INTO `biz_instruction` (`name`) VALUES ('GotoInstruction');
INSERT INTO `biz_instruction` (`name`) VALUES ('IfInstruction');
INSERT INTO `biz_instruction` (`name`) VALUES ('IndexedInstruction');
INSERT INTO `biz_instruction` (`name`) VALUES ('InvokeInstruction');
INSERT INTO `biz_instruction` (`name`) VALUES ('JsrInstruction');
INSERT INTO `biz_instruction` (`name`) VALUES ('LoadInstruction');
INSERT INTO `biz_instruction` (`name`) VALUES ('LocalVariableInstruction');
INSERT INTO `biz_instruction` (`name`) VALUES ('PopInstruction');
INSERT INTO `biz_instruction` (`name`) VALUES ('PushInstruction');
INSERT INTO `biz_instruction` (`name`) VALUES ('ReturnInstruction');
INSERT INTO `biz_instruction` (`name`) VALUES ('SelectInstruction');
INSERT INTO `biz_instruction` (`name`) VALUES ('StackConsumer');
INSERT INTO `biz_instruction` (`name`) VALUES ('StackInstruction');
INSERT INTO `biz_instruction` (`name`) VALUES ('StackProducer');
INSERT INTO `biz_instruction` (`name`) VALUES ('StoreInstruction');
INSERT INTO `biz_instruction` (`name`) VALUES ('TypedInstruction');
INSERT INTO `biz_instruction` (`name`) VALUES ('UnconditionalBranch');
INSERT INTO `biz_instruction` (`name`) VALUES ('VariableLengthInstruction');

-- biz_instruction_code

INSERT INTO `biz_instruction_code` (`instruction`, `opcode`) VALUES ('AllocationInstruction', 'new');
INSERT INTO `biz_instruction_code` (`instruction`, `opcode`) VALUES ('AllocationInstruction', 'newarray');
INSERT INTO `biz_instruction_code` (`instruction`, `opcode`) VALUES ('AllocationInstruction', 'anewarray');
INSERT INTO `biz_instruction_code` (`instruction`, `opcode`) VALUES ('AllocationInstruction', 'multianewarray');

INSERT INTO `biz_instruction_code` (`instruction`, `opcode`) VALUES ('ArithmeticInstruction', 'iadd');
INSERT INTO `biz_instruction_code` (`instruction`, `opcode`) VALUES ('ArithmeticInstruction', 'ladd');
INSERT INTO `biz_instruction_code` (`instruction`, `opcode`) VALUES ('ArithmeticInstruction', 'fadd');
INSERT INTO `biz_instruction_code` (`instruction`, `opcode`) VALUES ('ArithmeticInstruction', 'dadd');
INSERT INTO `biz_instruction_code` (`instruction`, `opcode`) VALUES ('ArithmeticInstruction', 'isub');
INSERT INTO `biz_instruction_code` (`instruction`, `opcode`) VALUES ('ArithmeticInstruction', 'lsub');
INSERT INTO `biz_instruction_code` (`instruction`, `opcode`) VALUES ('ArithmeticInstruction', 'fsub');
INSERT INTO `biz_instruction_code` (`instruction`, `opcode`) VALUES ('ArithmeticInstruction', 'dsub');
INSERT INTO `biz_instruction_code` (`instruction`, `opcode`) VALUES ('ArithmeticInstruction', 'imul');
INSERT INTO `biz_instruction_code` (`instruction`, `opcode`) VALUES ('ArithmeticInstruction', 'lmul');
INSERT INTO `biz_instruction_code` (`instruction`, `opcode`) VALUES ('ArithmeticInstruction', 'fmul');
INSERT INTO `biz_instruction_code` (`instruction`, `opcode`) VALUES ('ArithmeticInstruction', 'dmul');
INSERT INTO `biz_instruction_code` (`instruction`, `opcode`) VALUES ('ArithmeticInstruction', 'idiv');
INSERT INTO `biz_instruction_code` (`instruction`, `opcode`) VALUES ('ArithmeticInstruction', 'ldiv');
INSERT INTO `biz_instruction_code` (`instruction`, `opcode`) VALUES ('ArithmeticInstruction', 'fdiv');
INSERT INTO `biz_instruction_code` (`instruction`, `opcode`) VALUES ('ArithmeticInstruction', 'ddiv');
INSERT INTO `biz_instruction_code` (`instruction`, `opcode`) VALUES ('ArithmeticInstruction', 'irem');
INSERT INTO `biz_instruction_code` (`instruction`, `opcode`) VALUES ('ArithmeticInstruction', 'lrem');
INSERT INTO `biz_instruction_code` (`instruction`, `opcode`) VALUES ('ArithmeticInstruction', 'frem');
INSERT INTO `biz_instruction_code` (`instruction`, `opcode`) VALUES ('ArithmeticInstruction', 'drem');
INSERT INTO `biz_instruction_code` (`instruction`, `opcode`) VALUES ('ArithmeticInstruction', 'ineg');
INSERT INTO `biz_instruction_code` (`instruction`, `opcode`) VALUES ('ArithmeticInstruction', 'lneg');
INSERT INTO `biz_instruction_code` (`instruction`, `opcode`) VALUES ('ArithmeticInstruction', 'fneg');
INSERT INTO `biz_instruction_code` (`instruction`, `opcode`) VALUES ('ArithmeticInstruction', 'dneg');
INSERT INTO `biz_instruction_code` (`instruction`, `opcode`) VALUES ('ArithmeticInstruction', 'ishl');
INSERT INTO `biz_instruction_code` (`instruction`, `opcode`) VALUES ('ArithmeticInstruction', 'lshl');
INSERT INTO `biz_instruction_code` (`instruction`, `opcode`) VALUES ('ArithmeticInstruction', 'ishr');
INSERT INTO `biz_instruction_code` (`instruction`, `opcode`) VALUES ('ArithmeticInstruction', 'lshr');
INSERT INTO `biz_instruction_code` (`instruction`, `opcode`) VALUES ('ArithmeticInstruction', 'iushr');
INSERT INTO `biz_instruction_code` (`instruction`, `opcode`) VALUES ('ArithmeticInstruction', 'lushr');
INSERT INTO `biz_instruction_code` (`instruction`, `opcode`) VALUES ('ArithmeticInstruction', 'iand');
INSERT INTO `biz_instruction_code` (`instruction`, `opcode`) VALUES ('ArithmeticInstruction', 'land');
INSERT INTO `biz_instruction_code` (`instruction`, `opcode`) VALUES ('ArithmeticInstruction', 'ior');
INSERT INTO `biz_instruction_code` (`instruction`, `opcode`) VALUES ('ArithmeticInstruction', 'lor');
INSERT INTO `biz_instruction_code` (`instruction`, `opcode`) VALUES ('ArithmeticInstruction', 'ixor');
INSERT INTO `biz_instruction_code` (`instruction`, `opcode`) VALUES ('ArithmeticInstruction', 'lxor');

INSERT INTO `biz_instruction_code` (`instruction`, `opcode`) VALUES ('ArrayInstruction', 'iaload');
INSERT INTO `biz_instruction_code` (`instruction`, `opcode`) VALUES ('ArrayInstruction', 'laload');
INSERT INTO `biz_instruction_code` (`instruction`, `opcode`) VALUES ('ArrayInstruction', 'faload');
INSERT INTO `biz_instruction_code` (`instruction`, `opcode`) VALUES ('ArrayInstruction', 'daload');
INSERT INTO `biz_instruction_code` (`instruction`, `opcode`) VALUES ('ArrayInstruction', 'aaload');
INSERT INTO `biz_instruction_code` (`instruction`, `opcode`) VALUES ('ArrayInstruction', 'baload');
INSERT INTO `biz_instruction_code` (`instruction`, `opcode`) VALUES ('ArrayInstruction', 'caload');
INSERT INTO `biz_instruction_code` (`instruction`, `opcode`) VALUES ('ArrayInstruction', 'saload');
INSERT INTO `biz_instruction_code` (`instruction`, `opcode`) VALUES ('ArrayInstruction', 'iastore');
INSERT INTO `biz_instruction_code` (`instruction`, `opcode`) VALUES ('ArrayInstruction', 'lastore');
INSERT INTO `biz_instruction_code` (`instruction`, `opcode`) VALUES ('ArrayInstruction', 'fastore');
INSERT INTO `biz_instruction_code` (`instruction`, `opcode`) VALUES ('ArrayInstruction', 'dastore');
INSERT INTO `biz_instruction_code` (`instruction`, `opcode`) VALUES ('ArrayInstruction', 'aastore');
INSERT INTO `biz_instruction_code` (`instruction`, `opcode`) VALUES ('ArrayInstruction', 'bastore');
INSERT INTO `biz_instruction_code` (`instruction`, `opcode`) VALUES ('ArrayInstruction', 'castore');
INSERT INTO `biz_instruction_code` (`instruction`, `opcode`) VALUES ('ArrayInstruction', 'sastore');

INSERT INTO `biz_instruction_code` (`instruction`, `opcode`) VALUES ('BranchInstruction', 'ifeq');
INSERT INTO `biz_instruction_code` (`instruction`, `opcode`) VALUES ('BranchInstruction', 'ifne');
INSERT INTO `biz_instruction_code` (`instruction`, `opcode`) VALUES ('BranchInstruction', 'iflt');
INSERT INTO `biz_instruction_code` (`instruction`, `opcode`) VALUES ('BranchInstruction', 'ifge');
INSERT INTO `biz_instruction_code` (`instruction`, `opcode`) VALUES ('BranchInstruction', 'ifgt');
INSERT INTO `biz_instruction_code` (`instruction`, `opcode`) VALUES ('BranchInstruction', 'ifle');
INSERT INTO `biz_instruction_code` (`instruction`, `opcode`) VALUES ('BranchInstruction', 'if_icmpeq');
INSERT INTO `biz_instruction_code` (`instruction`, `opcode`) VALUES ('BranchInstruction', 'if_icmpne');
INSERT INTO `biz_instruction_code` (`instruction`, `opcode`) VALUES ('BranchInstruction', 'if_icmplt');
INSERT INTO `biz_instruction_code` (`instruction`, `opcode`) VALUES ('BranchInstruction', 'if_icmpge');
INSERT INTO `biz_instruction_code` (`instruction`, `opcode`) VALUES ('BranchInstruction', 'if_icmpgt');
INSERT INTO `biz_instruction_code` (`instruction`, `opcode`) VALUES ('BranchInstruction', 'if_icmple');
INSERT INTO `biz_instruction_code` (`instruction`, `opcode`) VALUES ('BranchInstruction', 'if_acmpeq');
INSERT INTO `biz_instruction_code` (`instruction`, `opcode`) VALUES ('BranchInstruction', 'if_acmpne');
INSERT INTO `biz_instruction_code` (`instruction`, `opcode`) VALUES ('BranchInstruction', 'goto');
INSERT INTO `biz_instruction_code` (`instruction`, `opcode`) VALUES ('BranchInstruction', 'jsr');
INSERT INTO `biz_instruction_code` (`instruction`, `opcode`) VALUES ('BranchInstruction', 'ifnull');
INSERT INTO `biz_instruction_code` (`instruction`, `opcode`) VALUES ('BranchInstruction', 'ifnonnull');
INSERT INTO `biz_instruction_code` (`instruction`, `opcode`) VALUES ('BranchInstruction', 'goto_w');
INSERT INTO `biz_instruction_code` (`instruction`, `opcode`) VALUES ('BranchInstruction', 'jsr_w');

INSERT INTO `biz_instruction_code` (`instruction`, `opcode`) VALUES ('ConstantPushInstruction', 'iconst_m1');
INSERT INTO `biz_instruction_code` (`instruction`, `opcode`) VALUES ('ConstantPushInstruction', 'iconst_0');
INSERT INTO `biz_instruction_code` (`instruction`, `opcode`) VALUES ('ConstantPushInstruction', 'iconst_1');
INSERT INTO `biz_instruction_code` (`instruction`, `opcode`) VALUES ('ConstantPushInstruction', 'iconst_2');
INSERT INTO `biz_instruction_code` (`instruction`, `opcode`) VALUES ('ConstantPushInstruction', 'iconst_3');
INSERT INTO `biz_instruction_code` (`instruction`, `opcode`) VALUES ('ConstantPushInstruction', 'iconst_4');
INSERT INTO `biz_instruction_code` (`instruction`, `opcode`) VALUES ('ConstantPushInstruction', 'iconst_5');
INSERT INTO `biz_instruction_code` (`instruction`, `opcode`) VALUES ('ConstantPushInstruction', 'lconst_0');
INSERT INTO `biz_instruction_code` (`instruction`, `opcode`) VALUES ('ConstantPushInstruction', 'lconst_1');
INSERT INTO `biz_instruction_code` (`instruction`, `opcode`) VALUES ('ConstantPushInstruction', 'fconst_0');
INSERT INTO `biz_instruction_code` (`instruction`, `opcode`) VALUES ('ConstantPushInstruction', 'fconst_1');
INSERT INTO `biz_instruction_code` (`instruction`, `opcode`) VALUES ('ConstantPushInstruction', 'fconst_2');
INSERT INTO `biz_instruction_code` (`instruction`, `opcode`) VALUES ('ConstantPushInstruction', 'dconst_0');
INSERT INTO `biz_instruction_code` (`instruction`, `opcode`) VALUES ('ConstantPushInstruction', 'dconst_1');
INSERT INTO `biz_instruction_code` (`instruction`, `opcode`) VALUES ('ConstantPushInstruction', 'bipush');
INSERT INTO `biz_instruction_code` (`instruction`, `opcode`) VALUES ('ConstantPushInstruction', 'sipush');

INSERT INTO `biz_instruction_code` (`instruction`, `opcode`) VALUES ('ConversionInstruction', 'i2l');
INSERT INTO `biz_instruction_code` (`instruction`, `opcode`) VALUES ('ConversionInstruction', 'i2f');
INSERT INTO `biz_instruction_code` (`instruction`, `opcode`) VALUES ('ConversionInstruction', 'i2d');
INSERT INTO `biz_instruction_code` (`instruction`, `opcode`) VALUES ('ConversionInstruction', 'l2i');
INSERT INTO `biz_instruction_code` (`instruction`, `opcode`) VALUES ('ConversionInstruction', 'l2f');
INSERT INTO `biz_instruction_code` (`instruction`, `opcode`) VALUES ('ConversionInstruction', 'l2d');
INSERT INTO `biz_instruction_code` (`instruction`, `opcode`) VALUES ('ConversionInstruction', 'f2i');
INSERT INTO `biz_instruction_code` (`instruction`, `opcode`) VALUES ('ConversionInstruction', 'f2l');
INSERT INTO `biz_instruction_code` (`instruction`, `opcode`) VALUES ('ConversionInstruction', 'f2d');
INSERT INTO `biz_instruction_code` (`instruction`, `opcode`) VALUES ('ConversionInstruction', 'd2i');
INSERT INTO `biz_instruction_code` (`instruction`, `opcode`) VALUES ('ConversionInstruction', 'd2l');
INSERT INTO `biz_instruction_code` (`instruction`, `opcode`) VALUES ('ConversionInstruction', 'd2f');
INSERT INTO `biz_instruction_code` (`instruction`, `opcode`) VALUES ('ConversionInstruction', 'i2b');
INSERT INTO `biz_instruction_code` (`instruction`, `opcode`) VALUES ('ConversionInstruction', 'i2c');
INSERT INTO `biz_instruction_code` (`instruction`, `opcode`) VALUES ('ConversionInstruction', 'i2s');

INSERT INTO `biz_instruction_code` (`instruction`, `opcode`) VALUES ('CPInstruction', 'ldc');
INSERT INTO `biz_instruction_code` (`instruction`, `opcode`) VALUES ('CPInstruction', 'ldc_w');
INSERT INTO `biz_instruction_code` (`instruction`, `opcode`) VALUES ('CPInstruction', 'ldc2_w');
INSERT INTO `biz_instruction_code` (`instruction`, `opcode`) VALUES ('CPInstruction', 'getstatic');
INSERT INTO `biz_instruction_code` (`instruction`, `opcode`) VALUES ('CPInstruction', 'putstatic');
INSERT INTO `biz_instruction_code` (`instruction`, `opcode`) VALUES ('CPInstruction', 'getfield');
INSERT INTO `biz_instruction_code` (`instruction`, `opcode`) VALUES ('CPInstruction', 'putfield');
INSERT INTO `biz_instruction_code` (`instruction`, `opcode`) VALUES ('CPInstruction', 'invokevirtual');
INSERT INTO `biz_instruction_code` (`instruction`, `opcode`) VALUES ('CPInstruction', 'invokespecial');
INSERT INTO `biz_instruction_code` (`instruction`, `opcode`) VALUES ('CPInstruction', 'invokestatic');
INSERT INTO `biz_instruction_code` (`instruction`, `opcode`) VALUES ('CPInstruction', 'invokeinterface');
INSERT INTO `biz_instruction_code` (`instruction`, `opcode`) VALUES ('CPInstruction', 'invokedynamic');
INSERT INTO `biz_instruction_code` (`instruction`, `opcode`) VALUES ('CPInstruction', 'new');
INSERT INTO `biz_instruction_code` (`instruction`, `opcode`) VALUES ('CPInstruction', 'anewarray');
INSERT INTO `biz_instruction_code` (`instruction`, `opcode`) VALUES ('CPInstruction', 'checkcast');
INSERT INTO `biz_instruction_code` (`instruction`, `opcode`) VALUES ('CPInstruction', 'instanceof');
INSERT INTO `biz_instruction_code` (`instruction`, `opcode`) VALUES ('CPInstruction', 'multianewarray');

INSERT INTO `biz_instruction_code` (`instruction`, `opcode`) VALUES ('FieldInstruction', 'getstatic');
INSERT INTO `biz_instruction_code` (`instruction`, `opcode`) VALUES ('FieldInstruction', 'putstatic');
INSERT INTO `biz_instruction_code` (`instruction`, `opcode`) VALUES ('FieldInstruction', 'getfield');
INSERT INTO `biz_instruction_code` (`instruction`, `opcode`) VALUES ('FieldInstruction', 'putfield');

INSERT INTO `biz_instruction_code` (`instruction`, `opcode`) VALUES ('GotoInstruction', 'goto');
INSERT INTO `biz_instruction_code` (`instruction`, `opcode`) VALUES ('GotoInstruction', 'goto_w');

INSERT INTO `biz_instruction_code` (`instruction`, `opcode`) VALUES ('IfInstruction', 'ifeq');
INSERT INTO `biz_instruction_code` (`instruction`, `opcode`) VALUES ('IfInstruction', 'ifne');
INSERT INTO `biz_instruction_code` (`instruction`, `opcode`) VALUES ('IfInstruction', 'iflt');
INSERT INTO `biz_instruction_code` (`instruction`, `opcode`) VALUES ('IfInstruction', 'ifge');
INSERT INTO `biz_instruction_code` (`instruction`, `opcode`) VALUES ('IfInstruction', 'ifgt');
INSERT INTO `biz_instruction_code` (`instruction`, `opcode`) VALUES ('IfInstruction', 'ifle');
INSERT INTO `biz_instruction_code` (`instruction`, `opcode`) VALUES ('IfInstruction', 'if_icmpeq');
INSERT INTO `biz_instruction_code` (`instruction`, `opcode`) VALUES ('IfInstruction', 'if_icmpne');
INSERT INTO `biz_instruction_code` (`instruction`, `opcode`) VALUES ('IfInstruction', 'if_icmplt');
INSERT INTO `biz_instruction_code` (`instruction`, `opcode`) VALUES ('IfInstruction', 'if_icmpge');
INSERT INTO `biz_instruction_code` (`instruction`, `opcode`) VALUES ('IfInstruction', 'if_icmpgt');
INSERT INTO `biz_instruction_code` (`instruction`, `opcode`) VALUES ('IfInstruction', 'if_icmple');
INSERT INTO `biz_instruction_code` (`instruction`, `opcode`) VALUES ('IfInstruction', 'if_acmpeq');
INSERT INTO `biz_instruction_code` (`instruction`, `opcode`) VALUES ('IfInstruction', 'if_acmpne');
INSERT INTO `biz_instruction_code` (`instruction`, `opcode`) VALUES ('IfInstruction', 'ifnull');
INSERT INTO `biz_instruction_code` (`instruction`, `opcode`) VALUES ('IfInstruction', 'ifnonnull');

INSERT INTO `biz_instruction_code` (`instruction`, `opcode`) VALUES ('IndexedInstruction', 'ldc');
INSERT INTO `biz_instruction_code` (`instruction`, `opcode`) VALUES ('IndexedInstruction', 'ldc_w');
INSERT INTO `biz_instruction_code` (`instruction`, `opcode`) VALUES ('IndexedInstruction', 'ldc2_w');
INSERT INTO `biz_instruction_code` (`instruction`, `opcode`) VALUES ('IndexedInstruction', 'iload');
INSERT INTO `biz_instruction_code` (`instruction`, `opcode`) VALUES ('IndexedInstruction', 'lload');
INSERT INTO `biz_instruction_code` (`instruction`, `opcode`) VALUES ('IndexedInstruction', 'fload');
INSERT INTO `biz_instruction_code` (`instruction`, `opcode`) VALUES ('IndexedInstruction', 'dload');
INSERT INTO `biz_instruction_code` (`instruction`, `opcode`) VALUES ('IndexedInstruction', 'aload');
INSERT INTO `biz_instruction_code` (`instruction`, `opcode`) VALUES ('IndexedInstruction', 'iload_0');
INSERT INTO `biz_instruction_code` (`instruction`, `opcode`) VALUES ('IndexedInstruction', 'iload_1');
INSERT INTO `biz_instruction_code` (`instruction`, `opcode`) VALUES ('IndexedInstruction', 'iload_2');
INSERT INTO `biz_instruction_code` (`instruction`, `opcode`) VALUES ('IndexedInstruction', 'iload_3');
INSERT INTO `biz_instruction_code` (`instruction`, `opcode`) VALUES ('IndexedInstruction', 'lload_0');
INSERT INTO `biz_instruction_code` (`instruction`, `opcode`) VALUES ('IndexedInstruction', 'lload_1');
INSERT INTO `biz_instruction_code` (`instruction`, `opcode`) VALUES ('IndexedInstruction', 'lload_2');
INSERT INTO `biz_instruction_code` (`instruction`, `opcode`) VALUES ('IndexedInstruction', 'lload_3');
INSERT INTO `biz_instruction_code` (`instruction`, `opcode`) VALUES ('IndexedInstruction', 'fload_0');
INSERT INTO `biz_instruction_code` (`instruction`, `opcode`) VALUES ('IndexedInstruction', 'fload_1');
INSERT INTO `biz_instruction_code` (`instruction`, `opcode`) VALUES ('IndexedInstruction', 'fload_2');
INSERT INTO `biz_instruction_code` (`instruction`, `opcode`) VALUES ('IndexedInstruction', 'fload_3');
INSERT INTO `biz_instruction_code` (`instruction`, `opcode`) VALUES ('IndexedInstruction', 'dload_0');
INSERT INTO `biz_instruction_code` (`instruction`, `opcode`) VALUES ('IndexedInstruction', 'dload_1');
INSERT INTO `biz_instruction_code` (`instruction`, `opcode`) VALUES ('IndexedInstruction', 'dload_2');
INSERT INTO `biz_instruction_code` (`instruction`, `opcode`) VALUES ('IndexedInstruction', 'dload_3');
INSERT INTO `biz_instruction_code` (`instruction`, `opcode`) VALUES ('IndexedInstruction', 'aload_0');
INSERT INTO `biz_instruction_code` (`instruction`, `opcode`) VALUES ('IndexedInstruction', 'aload_1');
INSERT INTO `biz_instruction_code` (`instruction`, `opcode`) VALUES ('IndexedInstruction', 'aload_2');
INSERT INTO `biz_instruction_code` (`instruction`, `opcode`) VALUES ('IndexedInstruction', 'aload_3');
INSERT INTO `biz_instruction_code` (`instruction`, `opcode`) VALUES ('IndexedInstruction', 'istore');
INSERT INTO `biz_instruction_code` (`instruction`, `opcode`) VALUES ('IndexedInstruction', 'lstore');
INSERT INTO `biz_instruction_code` (`instruction`, `opcode`) VALUES ('IndexedInstruction', 'fstore');
INSERT INTO `biz_instruction_code` (`instruction`, `opcode`) VALUES ('IndexedInstruction', 'dstore');
INSERT INTO `biz_instruction_code` (`instruction`, `opcode`) VALUES ('IndexedInstruction', 'astore');
INSERT INTO `biz_instruction_code` (`instruction`, `opcode`) VALUES ('IndexedInstruction', 'istore_0');
INSERT INTO `biz_instruction_code` (`instruction`, `opcode`) VALUES ('IndexedInstruction', 'istore_1');
INSERT INTO `biz_instruction_code` (`instruction`, `opcode`) VALUES ('IndexedInstruction', 'istore_2');
INSERT INTO `biz_instruction_code` (`instruction`, `opcode`) VALUES ('IndexedInstruction', 'istore_3');
INSERT INTO `biz_instruction_code` (`instruction`, `opcode`) VALUES ('IndexedInstruction', 'lstore_0');
INSERT INTO `biz_instruction_code` (`instruction`, `opcode`) VALUES ('IndexedInstruction', 'lstore_1');
INSERT INTO `biz_instruction_code` (`instruction`, `opcode`) VALUES ('IndexedInstruction', 'lstore_2');
INSERT INTO `biz_instruction_code` (`instruction`, `opcode`) VALUES ('IndexedInstruction', 'lstore_3');
INSERT INTO `biz_instruction_code` (`instruction`, `opcode`) VALUES ('IndexedInstruction', 'fstore_0');
INSERT INTO `biz_instruction_code` (`instruction`, `opcode`) VALUES ('IndexedInstruction', 'fstore_1');
INSERT INTO `biz_instruction_code` (`instruction`, `opcode`) VALUES ('IndexedInstruction', 'fstore_2');
INSERT INTO `biz_instruction_code` (`instruction`, `opcode`) VALUES ('IndexedInstruction', 'fstore_3');
INSERT INTO `biz_instruction_code` (`instruction`, `opcode`) VALUES ('IndexedInstruction', 'dstore_0');
INSERT INTO `biz_instruction_code` (`instruction`, `opcode`) VALUES ('IndexedInstruction', 'dstore_1');
INSERT INTO `biz_instruction_code` (`instruction`, `opcode`) VALUES ('IndexedInstruction', 'dstore_2');
INSERT INTO `biz_instruction_code` (`instruction`, `opcode`) VALUES ('IndexedInstruction', 'dstore_3');
INSERT INTO `biz_instruction_code` (`instruction`, `opcode`) VALUES ('IndexedInstruction', 'astore_0');
INSERT INTO `biz_instruction_code` (`instruction`, `opcode`) VALUES ('IndexedInstruction', 'astore_1');
INSERT INTO `biz_instruction_code` (`instruction`, `opcode`) VALUES ('IndexedInstruction', 'astore_2');
INSERT INTO `biz_instruction_code` (`instruction`, `opcode`) VALUES ('IndexedInstruction', 'astore_3');
INSERT INTO `biz_instruction_code` (`instruction`, `opcode`) VALUES ('IndexedInstruction', 'iinc');
INSERT INTO `biz_instruction_code` (`instruction`, `opcode`) VALUES ('IndexedInstruction', 'ret');
INSERT INTO `biz_instruction_code` (`instruction`, `opcode`) VALUES ('IndexedInstruction', 'getstatic');
INSERT INTO `biz_instruction_code` (`instruction`, `opcode`) VALUES ('IndexedInstruction', 'putstatic');
INSERT INTO `biz_instruction_code` (`instruction`, `opcode`) VALUES ('IndexedInstruction', 'getfield');
INSERT INTO `biz_instruction_code` (`instruction`, `opcode`) VALUES ('IndexedInstruction', 'putfield');
INSERT INTO `biz_instruction_code` (`instruction`, `opcode`) VALUES ('IndexedInstruction', 'invokevirtual');
INSERT INTO `biz_instruction_code` (`instruction`, `opcode`) VALUES ('IndexedInstruction', 'invokespecial');
INSERT INTO `biz_instruction_code` (`instruction`, `opcode`) VALUES ('IndexedInstruction', 'invokestatic');
INSERT INTO `biz_instruction_code` (`instruction`, `opcode`) VALUES ('IndexedInstruction', 'invokeinterface');
INSERT INTO `biz_instruction_code` (`instruction`, `opcode`) VALUES ('IndexedInstruction', 'invokedynamic');
INSERT INTO `biz_instruction_code` (`instruction`, `opcode`) VALUES ('IndexedInstruction', 'new');
INSERT INTO `biz_instruction_code` (`instruction`, `opcode`) VALUES ('IndexedInstruction', 'anewarray');
INSERT INTO `biz_instruction_code` (`instruction`, `opcode`) VALUES ('IndexedInstruction', 'checkcast');
INSERT INTO `biz_instruction_code` (`instruction`, `opcode`) VALUES ('IndexedInstruction', 'instanceof');
INSERT INTO `biz_instruction_code` (`instruction`, `opcode`) VALUES ('IndexedInstruction', 'multianewarray');

INSERT INTO `biz_instruction_code` (`instruction`, `opcode`) VALUES ('InvokeInstruction', 'invokevirtual');
INSERT INTO `biz_instruction_code` (`instruction`, `opcode`) VALUES ('InvokeInstruction', 'invokespecial');
INSERT INTO `biz_instruction_code` (`instruction`, `opcode`) VALUES ('InvokeInstruction', 'invokestatic');
INSERT INTO `biz_instruction_code` (`instruction`, `opcode`) VALUES ('InvokeInstruction', 'invokeinterface');
INSERT INTO `biz_instruction_code` (`instruction`, `opcode`) VALUES ('InvokeInstruction', 'invokedynamic');

INSERT INTO `biz_instruction_code` (`instruction`, `opcode`) VALUES ('JsrInstruction', 'jsr');
INSERT INTO `biz_instruction_code` (`instruction`, `opcode`) VALUES ('JsrInstruction', 'jsr_w');

INSERT INTO `biz_instruction_code` (`instruction`, `opcode`) VALUES ('LoadInstruction', 'iload');
INSERT INTO `biz_instruction_code` (`instruction`, `opcode`) VALUES ('LoadInstruction', 'lload');
INSERT INTO `biz_instruction_code` (`instruction`, `opcode`) VALUES ('LoadInstruction', 'fload');
INSERT INTO `biz_instruction_code` (`instruction`, `opcode`) VALUES ('LoadInstruction', 'dload');
INSERT INTO `biz_instruction_code` (`instruction`, `opcode`) VALUES ('LoadInstruction', 'aload');
INSERT INTO `biz_instruction_code` (`instruction`, `opcode`) VALUES ('LoadInstruction', 'iload_0');
INSERT INTO `biz_instruction_code` (`instruction`, `opcode`) VALUES ('LoadInstruction', 'iload_1');
INSERT INTO `biz_instruction_code` (`instruction`, `opcode`) VALUES ('LoadInstruction', 'iload_2');
INSERT INTO `biz_instruction_code` (`instruction`, `opcode`) VALUES ('LoadInstruction', 'iload_3');
INSERT INTO `biz_instruction_code` (`instruction`, `opcode`) VALUES ('LoadInstruction', 'lload_0');
INSERT INTO `biz_instruction_code` (`instruction`, `opcode`) VALUES ('LoadInstruction', 'lload_1');
INSERT INTO `biz_instruction_code` (`instruction`, `opcode`) VALUES ('LoadInstruction', 'lload_2');
INSERT INTO `biz_instruction_code` (`instruction`, `opcode`) VALUES ('LoadInstruction', 'lload_3');
INSERT INTO `biz_instruction_code` (`instruction`, `opcode`) VALUES ('LoadInstruction', 'fload_0');
INSERT INTO `biz_instruction_code` (`instruction`, `opcode`) VALUES ('LoadInstruction', 'fload_1');
INSERT INTO `biz_instruction_code` (`instruction`, `opcode`) VALUES ('LoadInstruction', 'fload_2');
INSERT INTO `biz_instruction_code` (`instruction`, `opcode`) VALUES ('LoadInstruction', 'fload_3');
INSERT INTO `biz_instruction_code` (`instruction`, `opcode`) VALUES ('LoadInstruction', 'dload_0');
INSERT INTO `biz_instruction_code` (`instruction`, `opcode`) VALUES ('LoadInstruction', 'dload_1');
INSERT INTO `biz_instruction_code` (`instruction`, `opcode`) VALUES ('LoadInstruction', 'dload_2');
INSERT INTO `biz_instruction_code` (`instruction`, `opcode`) VALUES ('LoadInstruction', 'dload_3');
INSERT INTO `biz_instruction_code` (`instruction`, `opcode`) VALUES ('LoadInstruction', 'aload_0');
INSERT INTO `biz_instruction_code` (`instruction`, `opcode`) VALUES ('LoadInstruction', 'aload_1');
INSERT INTO `biz_instruction_code` (`instruction`, `opcode`) VALUES ('LoadInstruction', 'aload_2');
INSERT INTO `biz_instruction_code` (`instruction`, `opcode`) VALUES ('LoadInstruction', 'aload_3');

INSERT INTO `biz_instruction_code` (`instruction`, `opcode`) VALUES ('LocalVariableInstruction', 'iload');
INSERT INTO `biz_instruction_code` (`instruction`, `opcode`) VALUES ('LocalVariableInstruction', 'lload');
INSERT INTO `biz_instruction_code` (`instruction`, `opcode`) VALUES ('LocalVariableInstruction', 'fload');
INSERT INTO `biz_instruction_code` (`instruction`, `opcode`) VALUES ('LocalVariableInstruction', 'dload');
INSERT INTO `biz_instruction_code` (`instruction`, `opcode`) VALUES ('LocalVariableInstruction', 'aload');
INSERT INTO `biz_instruction_code` (`instruction`, `opcode`) VALUES ('LocalVariableInstruction', 'iload_0');
INSERT INTO `biz_instruction_code` (`instruction`, `opcode`) VALUES ('LocalVariableInstruction', 'iload_1');
INSERT INTO `biz_instruction_code` (`instruction`, `opcode`) VALUES ('LocalVariableInstruction', 'iload_2');
INSERT INTO `biz_instruction_code` (`instruction`, `opcode`) VALUES ('LocalVariableInstruction', 'iload_3');
INSERT INTO `biz_instruction_code` (`instruction`, `opcode`) VALUES ('LocalVariableInstruction', 'lload_0');
INSERT INTO `biz_instruction_code` (`instruction`, `opcode`) VALUES ('LocalVariableInstruction', 'lload_1');
INSERT INTO `biz_instruction_code` (`instruction`, `opcode`) VALUES ('LocalVariableInstruction', 'lload_2');
INSERT INTO `biz_instruction_code` (`instruction`, `opcode`) VALUES ('LocalVariableInstruction', 'lload_3');
INSERT INTO `biz_instruction_code` (`instruction`, `opcode`) VALUES ('LocalVariableInstruction', 'fload_0');
INSERT INTO `biz_instruction_code` (`instruction`, `opcode`) VALUES ('LocalVariableInstruction', 'fload_1');
INSERT INTO `biz_instruction_code` (`instruction`, `opcode`) VALUES ('LocalVariableInstruction', 'fload_2');
INSERT INTO `biz_instruction_code` (`instruction`, `opcode`) VALUES ('LocalVariableInstruction', 'fload_3');
INSERT INTO `biz_instruction_code` (`instruction`, `opcode`) VALUES ('LocalVariableInstruction', 'dload_0');
INSERT INTO `biz_instruction_code` (`instruction`, `opcode`) VALUES ('LocalVariableInstruction', 'dload_1');
INSERT INTO `biz_instruction_code` (`instruction`, `opcode`) VALUES ('LocalVariableInstruction', 'dload_2');
INSERT INTO `biz_instruction_code` (`instruction`, `opcode`) VALUES ('LocalVariableInstruction', 'dload_3');
INSERT INTO `biz_instruction_code` (`instruction`, `opcode`) VALUES ('LocalVariableInstruction', 'aload_0');
INSERT INTO `biz_instruction_code` (`instruction`, `opcode`) VALUES ('LocalVariableInstruction', 'aload_1');
INSERT INTO `biz_instruction_code` (`instruction`, `opcode`) VALUES ('LocalVariableInstruction', 'aload_2');
INSERT INTO `biz_instruction_code` (`instruction`, `opcode`) VALUES ('LocalVariableInstruction', 'aload_3');
INSERT INTO `biz_instruction_code` (`instruction`, `opcode`) VALUES ('LocalVariableInstruction', 'istore');
INSERT INTO `biz_instruction_code` (`instruction`, `opcode`) VALUES ('LocalVariableInstruction', 'lstore');
INSERT INTO `biz_instruction_code` (`instruction`, `opcode`) VALUES ('LocalVariableInstruction', 'fstore');
INSERT INTO `biz_instruction_code` (`instruction`, `opcode`) VALUES ('LocalVariableInstruction', 'dstore');
INSERT INTO `biz_instruction_code` (`instruction`, `opcode`) VALUES ('LocalVariableInstruction', 'astore');
INSERT INTO `biz_instruction_code` (`instruction`, `opcode`) VALUES ('LocalVariableInstruction', 'istore_0');
INSERT INTO `biz_instruction_code` (`instruction`, `opcode`) VALUES ('LocalVariableInstruction', 'istore_1');
INSERT INTO `biz_instruction_code` (`instruction`, `opcode`) VALUES ('LocalVariableInstruction', 'istore_2');
INSERT INTO `biz_instruction_code` (`instruction`, `opcode`) VALUES ('LocalVariableInstruction', 'istore_3');
INSERT INTO `biz_instruction_code` (`instruction`, `opcode`) VALUES ('LocalVariableInstruction', 'lstore_0');
INSERT INTO `biz_instruction_code` (`instruction`, `opcode`) VALUES ('LocalVariableInstruction', 'lstore_1');
INSERT INTO `biz_instruction_code` (`instruction`, `opcode`) VALUES ('LocalVariableInstruction', 'lstore_2');
INSERT INTO `biz_instruction_code` (`instruction`, `opcode`) VALUES ('LocalVariableInstruction', 'lstore_3');
INSERT INTO `biz_instruction_code` (`instruction`, `opcode`) VALUES ('LocalVariableInstruction', 'fstore_0');
INSERT INTO `biz_instruction_code` (`instruction`, `opcode`) VALUES ('LocalVariableInstruction', 'fstore_1');
INSERT INTO `biz_instruction_code` (`instruction`, `opcode`) VALUES ('LocalVariableInstruction', 'fstore_2');
INSERT INTO `biz_instruction_code` (`instruction`, `opcode`) VALUES ('LocalVariableInstruction', 'fstore_3');
INSERT INTO `biz_instruction_code` (`instruction`, `opcode`) VALUES ('LocalVariableInstruction', 'dstore_0');
INSERT INTO `biz_instruction_code` (`instruction`, `opcode`) VALUES ('LocalVariableInstruction', 'dstore_1');
INSERT INTO `biz_instruction_code` (`instruction`, `opcode`) VALUES ('LocalVariableInstruction', 'dstore_2');
INSERT INTO `biz_instruction_code` (`instruction`, `opcode`) VALUES ('LocalVariableInstruction', 'dstore_3');
INSERT INTO `biz_instruction_code` (`instruction`, `opcode`) VALUES ('LocalVariableInstruction', 'astore_0');
INSERT INTO `biz_instruction_code` (`instruction`, `opcode`) VALUES ('LocalVariableInstruction', 'astore_1');
INSERT INTO `biz_instruction_code` (`instruction`, `opcode`) VALUES ('LocalVariableInstruction', 'astore_2');
INSERT INTO `biz_instruction_code` (`instruction`, `opcode`) VALUES ('LocalVariableInstruction', 'astore_3');
INSERT INTO `biz_instruction_code` (`instruction`, `opcode`) VALUES ('LocalVariableInstruction', 'iinc');

INSERT INTO `biz_instruction_code` (`instruction`, `opcode`) VALUES ('PopInstruction', 'istore');
INSERT INTO `biz_instruction_code` (`instruction`, `opcode`) VALUES ('PopInstruction', 'lstore');
INSERT INTO `biz_instruction_code` (`instruction`, `opcode`) VALUES ('PopInstruction', 'fstore');
INSERT INTO `biz_instruction_code` (`instruction`, `opcode`) VALUES ('PopInstruction', 'dstore');
INSERT INTO `biz_instruction_code` (`instruction`, `opcode`) VALUES ('PopInstruction', 'astore');
INSERT INTO `biz_instruction_code` (`instruction`, `opcode`) VALUES ('PopInstruction', 'istore_0');
INSERT INTO `biz_instruction_code` (`instruction`, `opcode`) VALUES ('PopInstruction', 'istore_1');
INSERT INTO `biz_instruction_code` (`instruction`, `opcode`) VALUES ('PopInstruction', 'istore_2');
INSERT INTO `biz_instruction_code` (`instruction`, `opcode`) VALUES ('PopInstruction', 'istore_3');
INSERT INTO `biz_instruction_code` (`instruction`, `opcode`) VALUES ('PopInstruction', 'lstore_0');
INSERT INTO `biz_instruction_code` (`instruction`, `opcode`) VALUES ('PopInstruction', 'lstore_1');
INSERT INTO `biz_instruction_code` (`instruction`, `opcode`) VALUES ('PopInstruction', 'lstore_2');
INSERT INTO `biz_instruction_code` (`instruction`, `opcode`) VALUES ('PopInstruction', 'lstore_3');
INSERT INTO `biz_instruction_code` (`instruction`, `opcode`) VALUES ('PopInstruction', 'fstore_0');
INSERT INTO `biz_instruction_code` (`instruction`, `opcode`) VALUES ('PopInstruction', 'fstore_1');
INSERT INTO `biz_instruction_code` (`instruction`, `opcode`) VALUES ('PopInstruction', 'fstore_2');
INSERT INTO `biz_instruction_code` (`instruction`, `opcode`) VALUES ('PopInstruction', 'fstore_3');
INSERT INTO `biz_instruction_code` (`instruction`, `opcode`) VALUES ('PopInstruction', 'dstore_0');
INSERT INTO `biz_instruction_code` (`instruction`, `opcode`) VALUES ('PopInstruction', 'dstore_1');
INSERT INTO `biz_instruction_code` (`instruction`, `opcode`) VALUES ('PopInstruction', 'dstore_2');
INSERT INTO `biz_instruction_code` (`instruction`, `opcode`) VALUES ('PopInstruction', 'dstore_3');
INSERT INTO `biz_instruction_code` (`instruction`, `opcode`) VALUES ('PopInstruction', 'astore_0');
INSERT INTO `biz_instruction_code` (`instruction`, `opcode`) VALUES ('PopInstruction', 'astore_1');
INSERT INTO `biz_instruction_code` (`instruction`, `opcode`) VALUES ('PopInstruction', 'astore_2');
INSERT INTO `biz_instruction_code` (`instruction`, `opcode`) VALUES ('PopInstruction', 'astore_3');
INSERT INTO `biz_instruction_code` (`instruction`, `opcode`) VALUES ('PopInstruction', 'pop');
INSERT INTO `biz_instruction_code` (`instruction`, `opcode`) VALUES ('PopInstruction', 'pop2');
INSERT INTO `biz_instruction_code` (`instruction`, `opcode`) VALUES ('PopInstruction', 'putstatic');
INSERT INTO `biz_instruction_code` (`instruction`, `opcode`) VALUES ('PopInstruction', 'putfield');

INSERT INTO `biz_instruction_code` (`instruction`, `opcode`) VALUES ('PushInstruction', 'aconst_null');
INSERT INTO `biz_instruction_code` (`instruction`, `opcode`) VALUES ('PushInstruction', 'iconst_m1');
INSERT INTO `biz_instruction_code` (`instruction`, `opcode`) VALUES ('PushInstruction', 'iconst_0');
INSERT INTO `biz_instruction_code` (`instruction`, `opcode`) VALUES ('PushInstruction', 'iconst_1');
INSERT INTO `biz_instruction_code` (`instruction`, `opcode`) VALUES ('PushInstruction', 'iconst_2');
INSERT INTO `biz_instruction_code` (`instruction`, `opcode`) VALUES ('PushInstruction', 'iconst_3');
INSERT INTO `biz_instruction_code` (`instruction`, `opcode`) VALUES ('PushInstruction', 'iconst_4');
INSERT INTO `biz_instruction_code` (`instruction`, `opcode`) VALUES ('PushInstruction', 'iconst_5');
INSERT INTO `biz_instruction_code` (`instruction`, `opcode`) VALUES ('PushInstruction', 'lconst_0');
INSERT INTO `biz_instruction_code` (`instruction`, `opcode`) VALUES ('PushInstruction', 'lconst_1');
INSERT INTO `biz_instruction_code` (`instruction`, `opcode`) VALUES ('PushInstruction', 'fconst_0');
INSERT INTO `biz_instruction_code` (`instruction`, `opcode`) VALUES ('PushInstruction', 'fconst_1');
INSERT INTO `biz_instruction_code` (`instruction`, `opcode`) VALUES ('PushInstruction', 'fconst_2');
INSERT INTO `biz_instruction_code` (`instruction`, `opcode`) VALUES ('PushInstruction', 'dconst_0');
INSERT INTO `biz_instruction_code` (`instruction`, `opcode`) VALUES ('PushInstruction', 'dconst_1');
INSERT INTO `biz_instruction_code` (`instruction`, `opcode`) VALUES ('PushInstruction', 'bipush');
INSERT INTO `biz_instruction_code` (`instruction`, `opcode`) VALUES ('PushInstruction', 'sipush');
INSERT INTO `biz_instruction_code` (`instruction`, `opcode`) VALUES ('PushInstruction', 'ldc');
INSERT INTO `biz_instruction_code` (`instruction`, `opcode`) VALUES ('PushInstruction', 'ldc_w');
INSERT INTO `biz_instruction_code` (`instruction`, `opcode`) VALUES ('PushInstruction', 'ldc2_w');
INSERT INTO `biz_instruction_code` (`instruction`, `opcode`) VALUES ('PushInstruction', 'iload');
INSERT INTO `biz_instruction_code` (`instruction`, `opcode`) VALUES ('PushInstruction', 'lload');
INSERT INTO `biz_instruction_code` (`instruction`, `opcode`) VALUES ('PushInstruction', 'fload');
INSERT INTO `biz_instruction_code` (`instruction`, `opcode`) VALUES ('PushInstruction', 'dload');
INSERT INTO `biz_instruction_code` (`instruction`, `opcode`) VALUES ('PushInstruction', 'aload');
INSERT INTO `biz_instruction_code` (`instruction`, `opcode`) VALUES ('PushInstruction', 'iload_0');
INSERT INTO `biz_instruction_code` (`instruction`, `opcode`) VALUES ('PushInstruction', 'iload_1');
INSERT INTO `biz_instruction_code` (`instruction`, `opcode`) VALUES ('PushInstruction', 'iload_2');
INSERT INTO `biz_instruction_code` (`instruction`, `opcode`) VALUES ('PushInstruction', 'iload_3');
INSERT INTO `biz_instruction_code` (`instruction`, `opcode`) VALUES ('PushInstruction', 'lload_0');
INSERT INTO `biz_instruction_code` (`instruction`, `opcode`) VALUES ('PushInstruction', 'lload_1');
INSERT INTO `biz_instruction_code` (`instruction`, `opcode`) VALUES ('PushInstruction', 'lload_2');
INSERT INTO `biz_instruction_code` (`instruction`, `opcode`) VALUES ('PushInstruction', 'lload_3');
INSERT INTO `biz_instruction_code` (`instruction`, `opcode`) VALUES ('PushInstruction', 'fload_0');
INSERT INTO `biz_instruction_code` (`instruction`, `opcode`) VALUES ('PushInstruction', 'fload_1');
INSERT INTO `biz_instruction_code` (`instruction`, `opcode`) VALUES ('PushInstruction', 'fload_2');
INSERT INTO `biz_instruction_code` (`instruction`, `opcode`) VALUES ('PushInstruction', 'fload_3');
INSERT INTO `biz_instruction_code` (`instruction`, `opcode`) VALUES ('PushInstruction', 'dload_0');
INSERT INTO `biz_instruction_code` (`instruction`, `opcode`) VALUES ('PushInstruction', 'dload_1');
INSERT INTO `biz_instruction_code` (`instruction`, `opcode`) VALUES ('PushInstruction', 'dload_2');
INSERT INTO `biz_instruction_code` (`instruction`, `opcode`) VALUES ('PushInstruction', 'dload_3');
INSERT INTO `biz_instruction_code` (`instruction`, `opcode`) VALUES ('PushInstruction', 'aload_0');
INSERT INTO `biz_instruction_code` (`instruction`, `opcode`) VALUES ('PushInstruction', 'aload_1');
INSERT INTO `biz_instruction_code` (`instruction`, `opcode`) VALUES ('PushInstruction', 'aload_2');
INSERT INTO `biz_instruction_code` (`instruction`, `opcode`) VALUES ('PushInstruction', 'aload_3');
INSERT INTO `biz_instruction_code` (`instruction`, `opcode`) VALUES ('PushInstruction', 'dup');
INSERT INTO `biz_instruction_code` (`instruction`, `opcode`) VALUES ('PushInstruction', 'dup2');
INSERT INTO `biz_instruction_code` (`instruction`, `opcode`) VALUES ('PushInstruction', 'getstatic');

INSERT INTO `biz_instruction_code` (`instruction`, `opcode`) VALUES ('ReturnInstruction', 'ireturn');
INSERT INTO `biz_instruction_code` (`instruction`, `opcode`) VALUES ('ReturnInstruction', 'lreturn');
INSERT INTO `biz_instruction_code` (`instruction`, `opcode`) VALUES ('ReturnInstruction', 'freturn');
INSERT INTO `biz_instruction_code` (`instruction`, `opcode`) VALUES ('ReturnInstruction', 'dreturn');
INSERT INTO `biz_instruction_code` (`instruction`, `opcode`) VALUES ('ReturnInstruction', 'areturn');
INSERT INTO `biz_instruction_code` (`instruction`, `opcode`) VALUES ('ReturnInstruction', 'return');

INSERT INTO `biz_instruction_code` (`instruction`, `opcode`) VALUES ('SelectInstruction', 'lookupswitch');
INSERT INTO `biz_instruction_code` (`instruction`, `opcode`) VALUES ('SelectInstruction', 'tableswitch');

INSERT INTO `biz_instruction_code` (`instruction`, `opcode`) VALUES ('StackConsumer', 'istore');
INSERT INTO `biz_instruction_code` (`instruction`, `opcode`) VALUES ('StackConsumer', 'lstore');
INSERT INTO `biz_instruction_code` (`instruction`, `opcode`) VALUES ('StackConsumer', 'fstore');
INSERT INTO `biz_instruction_code` (`instruction`, `opcode`) VALUES ('StackConsumer', 'dstore');
INSERT INTO `biz_instruction_code` (`instruction`, `opcode`) VALUES ('StackConsumer', 'astore');
INSERT INTO `biz_instruction_code` (`instruction`, `opcode`) VALUES ('StackConsumer', 'istore_0');
INSERT INTO `biz_instruction_code` (`instruction`, `opcode`) VALUES ('StackConsumer', 'istore_1');
INSERT INTO `biz_instruction_code` (`instruction`, `opcode`) VALUES ('StackConsumer', 'istore_2');
INSERT INTO `biz_instruction_code` (`instruction`, `opcode`) VALUES ('StackConsumer', 'istore_3');
INSERT INTO `biz_instruction_code` (`instruction`, `opcode`) VALUES ('StackConsumer', 'lstore_0');
INSERT INTO `biz_instruction_code` (`instruction`, `opcode`) VALUES ('StackConsumer', 'lstore_1');
INSERT INTO `biz_instruction_code` (`instruction`, `opcode`) VALUES ('StackConsumer', 'lstore_2');
INSERT INTO `biz_instruction_code` (`instruction`, `opcode`) VALUES ('StackConsumer', 'lstore_3');
INSERT INTO `biz_instruction_code` (`instruction`, `opcode`) VALUES ('StackConsumer', 'fstore_0');
INSERT INTO `biz_instruction_code` (`instruction`, `opcode`) VALUES ('StackConsumer', 'fstore_1');
INSERT INTO `biz_instruction_code` (`instruction`, `opcode`) VALUES ('StackConsumer', 'fstore_2');
INSERT INTO `biz_instruction_code` (`instruction`, `opcode`) VALUES ('StackConsumer', 'fstore_3');
INSERT INTO `biz_instruction_code` (`instruction`, `opcode`) VALUES ('StackConsumer', 'dstore_0');
INSERT INTO `biz_instruction_code` (`instruction`, `opcode`) VALUES ('StackConsumer', 'dstore_1');
INSERT INTO `biz_instruction_code` (`instruction`, `opcode`) VALUES ('StackConsumer', 'dstore_2');
INSERT INTO `biz_instruction_code` (`instruction`, `opcode`) VALUES ('StackConsumer', 'dstore_3');
INSERT INTO `biz_instruction_code` (`instruction`, `opcode`) VALUES ('StackConsumer', 'astore_0');
INSERT INTO `biz_instruction_code` (`instruction`, `opcode`) VALUES ('StackConsumer', 'astore_1');
INSERT INTO `biz_instruction_code` (`instruction`, `opcode`) VALUES ('StackConsumer', 'astore_2');
INSERT INTO `biz_instruction_code` (`instruction`, `opcode`) VALUES ('StackConsumer', 'astore_3');
INSERT INTO `biz_instruction_code` (`instruction`, `opcode`) VALUES ('StackConsumer', 'iastore');
INSERT INTO `biz_instruction_code` (`instruction`, `opcode`) VALUES ('StackConsumer', 'lastore');
INSERT INTO `biz_instruction_code` (`instruction`, `opcode`) VALUES ('StackConsumer', 'fastore');
INSERT INTO `biz_instruction_code` (`instruction`, `opcode`) VALUES ('StackConsumer', 'dastore');
INSERT INTO `biz_instruction_code` (`instruction`, `opcode`) VALUES ('StackConsumer', 'aastore');
INSERT INTO `biz_instruction_code` (`instruction`, `opcode`) VALUES ('StackConsumer', 'bastore');
INSERT INTO `biz_instruction_code` (`instruction`, `opcode`) VALUES ('StackConsumer', 'castore');
INSERT INTO `biz_instruction_code` (`instruction`, `opcode`) VALUES ('StackConsumer', 'sastore');
INSERT INTO `biz_instruction_code` (`instruction`, `opcode`) VALUES ('StackConsumer', 'pop');
INSERT INTO `biz_instruction_code` (`instruction`, `opcode`) VALUES ('StackConsumer', 'pop2');
INSERT INTO `biz_instruction_code` (`instruction`, `opcode`) VALUES ('StackConsumer', 'swap');
INSERT INTO `biz_instruction_code` (`instruction`, `opcode`) VALUES ('StackConsumer', 'iadd');
INSERT INTO `biz_instruction_code` (`instruction`, `opcode`) VALUES ('StackConsumer', 'ladd');
INSERT INTO `biz_instruction_code` (`instruction`, `opcode`) VALUES ('StackConsumer', 'fadd');
INSERT INTO `biz_instruction_code` (`instruction`, `opcode`) VALUES ('StackConsumer', 'dadd');
INSERT INTO `biz_instruction_code` (`instruction`, `opcode`) VALUES ('StackConsumer', 'isub');
INSERT INTO `biz_instruction_code` (`instruction`, `opcode`) VALUES ('StackConsumer', 'lsub');
INSERT INTO `biz_instruction_code` (`instruction`, `opcode`) VALUES ('StackConsumer', 'fsub');
INSERT INTO `biz_instruction_code` (`instruction`, `opcode`) VALUES ('StackConsumer', 'dsub');
INSERT INTO `biz_instruction_code` (`instruction`, `opcode`) VALUES ('StackConsumer', 'imul');
INSERT INTO `biz_instruction_code` (`instruction`, `opcode`) VALUES ('StackConsumer', 'lmul');
INSERT INTO `biz_instruction_code` (`instruction`, `opcode`) VALUES ('StackConsumer', 'fmul');
INSERT INTO `biz_instruction_code` (`instruction`, `opcode`) VALUES ('StackConsumer', 'dmul');
INSERT INTO `biz_instruction_code` (`instruction`, `opcode`) VALUES ('StackConsumer', 'idiv');
INSERT INTO `biz_instruction_code` (`instruction`, `opcode`) VALUES ('StackConsumer', 'ldiv');
INSERT INTO `biz_instruction_code` (`instruction`, `opcode`) VALUES ('StackConsumer', 'fdiv');
INSERT INTO `biz_instruction_code` (`instruction`, `opcode`) VALUES ('StackConsumer', 'ddiv');
INSERT INTO `biz_instruction_code` (`instruction`, `opcode`) VALUES ('StackConsumer', 'irem');
INSERT INTO `biz_instruction_code` (`instruction`, `opcode`) VALUES ('StackConsumer', 'lrem');
INSERT INTO `biz_instruction_code` (`instruction`, `opcode`) VALUES ('StackConsumer', 'frem');
INSERT INTO `biz_instruction_code` (`instruction`, `opcode`) VALUES ('StackConsumer', 'drem');
INSERT INTO `biz_instruction_code` (`instruction`, `opcode`) VALUES ('StackConsumer', 'ineg');
INSERT INTO `biz_instruction_code` (`instruction`, `opcode`) VALUES ('StackConsumer', 'lneg');
INSERT INTO `biz_instruction_code` (`instruction`, `opcode`) VALUES ('StackConsumer', 'fneg');
INSERT INTO `biz_instruction_code` (`instruction`, `opcode`) VALUES ('StackConsumer', 'dneg');
INSERT INTO `biz_instruction_code` (`instruction`, `opcode`) VALUES ('StackConsumer', 'ishl');
INSERT INTO `biz_instruction_code` (`instruction`, `opcode`) VALUES ('StackConsumer', 'lshl');
INSERT INTO `biz_instruction_code` (`instruction`, `opcode`) VALUES ('StackConsumer', 'ishr');
INSERT INTO `biz_instruction_code` (`instruction`, `opcode`) VALUES ('StackConsumer', 'lshr');
INSERT INTO `biz_instruction_code` (`instruction`, `opcode`) VALUES ('StackConsumer', 'iushr');
INSERT INTO `biz_instruction_code` (`instruction`, `opcode`) VALUES ('StackConsumer', 'lushr');
INSERT INTO `biz_instruction_code` (`instruction`, `opcode`) VALUES ('StackConsumer', 'iand');
INSERT INTO `biz_instruction_code` (`instruction`, `opcode`) VALUES ('StackConsumer', 'land');
INSERT INTO `biz_instruction_code` (`instruction`, `opcode`) VALUES ('StackConsumer', 'ior');
INSERT INTO `biz_instruction_code` (`instruction`, `opcode`) VALUES ('StackConsumer', 'lor');
INSERT INTO `biz_instruction_code` (`instruction`, `opcode`) VALUES ('StackConsumer', 'ixor');
INSERT INTO `biz_instruction_code` (`instruction`, `opcode`) VALUES ('StackConsumer', 'lxor');
INSERT INTO `biz_instruction_code` (`instruction`, `opcode`) VALUES ('StackConsumer', 'i2l');
INSERT INTO `biz_instruction_code` (`instruction`, `opcode`) VALUES ('StackConsumer', 'i2f');
INSERT INTO `biz_instruction_code` (`instruction`, `opcode`) VALUES ('StackConsumer', 'i2d');
INSERT INTO `biz_instruction_code` (`instruction`, `opcode`) VALUES ('StackConsumer', 'l2i');
INSERT INTO `biz_instruction_code` (`instruction`, `opcode`) VALUES ('StackConsumer', 'l2f');
INSERT INTO `biz_instruction_code` (`instruction`, `opcode`) VALUES ('StackConsumer', 'l2d');
INSERT INTO `biz_instruction_code` (`instruction`, `opcode`) VALUES ('StackConsumer', 'f2i');
INSERT INTO `biz_instruction_code` (`instruction`, `opcode`) VALUES ('StackConsumer', 'f2l');
INSERT INTO `biz_instruction_code` (`instruction`, `opcode`) VALUES ('StackConsumer', 'f2d');
INSERT INTO `biz_instruction_code` (`instruction`, `opcode`) VALUES ('StackConsumer', 'd2i');
INSERT INTO `biz_instruction_code` (`instruction`, `opcode`) VALUES ('StackConsumer', 'd2l');
INSERT INTO `biz_instruction_code` (`instruction`, `opcode`) VALUES ('StackConsumer', 'd2f');
INSERT INTO `biz_instruction_code` (`instruction`, `opcode`) VALUES ('StackConsumer', 'i2b');
INSERT INTO `biz_instruction_code` (`instruction`, `opcode`) VALUES ('StackConsumer', 'i2c');
INSERT INTO `biz_instruction_code` (`instruction`, `opcode`) VALUES ('StackConsumer', 'i2s');
INSERT INTO `biz_instruction_code` (`instruction`, `opcode`) VALUES ('StackConsumer', 'lcmp');
INSERT INTO `biz_instruction_code` (`instruction`, `opcode`) VALUES ('StackConsumer', 'fcmpl');
INSERT INTO `biz_instruction_code` (`instruction`, `opcode`) VALUES ('StackConsumer', 'fcmpg');
INSERT INTO `biz_instruction_code` (`instruction`, `opcode`) VALUES ('StackConsumer', 'dcmpl');
INSERT INTO `biz_instruction_code` (`instruction`, `opcode`) VALUES ('StackConsumer', 'dcmpg');
INSERT INTO `biz_instruction_code` (`instruction`, `opcode`) VALUES ('StackConsumer', 'ifeq');
INSERT INTO `biz_instruction_code` (`instruction`, `opcode`) VALUES ('StackConsumer', 'ifne');
INSERT INTO `biz_instruction_code` (`instruction`, `opcode`) VALUES ('StackConsumer', 'iflt');
INSERT INTO `biz_instruction_code` (`instruction`, `opcode`) VALUES ('StackConsumer', 'ifge');
INSERT INTO `biz_instruction_code` (`instruction`, `opcode`) VALUES ('StackConsumer', 'ifgt');
INSERT INTO `biz_instruction_code` (`instruction`, `opcode`) VALUES ('StackConsumer', 'ifle');
INSERT INTO `biz_instruction_code` (`instruction`, `opcode`) VALUES ('StackConsumer', 'if_icmpeq');
INSERT INTO `biz_instruction_code` (`instruction`, `opcode`) VALUES ('StackConsumer', 'if_icmpne');
INSERT INTO `biz_instruction_code` (`instruction`, `opcode`) VALUES ('StackConsumer', 'if_icmplt');
INSERT INTO `biz_instruction_code` (`instruction`, `opcode`) VALUES ('StackConsumer', 'if_icmpge');
INSERT INTO `biz_instruction_code` (`instruction`, `opcode`) VALUES ('StackConsumer', 'if_icmpgt');
INSERT INTO `biz_instruction_code` (`instruction`, `opcode`) VALUES ('StackConsumer', 'if_icmple');
INSERT INTO `biz_instruction_code` (`instruction`, `opcode`) VALUES ('StackConsumer', 'if_acmpeq');
INSERT INTO `biz_instruction_code` (`instruction`, `opcode`) VALUES ('StackConsumer', 'if_acmpne');
INSERT INTO `biz_instruction_code` (`instruction`, `opcode`) VALUES ('StackConsumer', 'ireturn');
INSERT INTO `biz_instruction_code` (`instruction`, `opcode`) VALUES ('StackConsumer', 'lreturn');
INSERT INTO `biz_instruction_code` (`instruction`, `opcode`) VALUES ('StackConsumer', 'freturn');
INSERT INTO `biz_instruction_code` (`instruction`, `opcode`) VALUES ('StackConsumer', 'dreturn');
INSERT INTO `biz_instruction_code` (`instruction`, `opcode`) VALUES ('StackConsumer', 'areturn');
INSERT INTO `biz_instruction_code` (`instruction`, `opcode`) VALUES ('StackConsumer', 'return');
INSERT INTO `biz_instruction_code` (`instruction`, `opcode`) VALUES ('StackConsumer', 'putstatic');
INSERT INTO `biz_instruction_code` (`instruction`, `opcode`) VALUES ('StackConsumer', 'getfield');
INSERT INTO `biz_instruction_code` (`instruction`, `opcode`) VALUES ('StackConsumer', 'putfield');
INSERT INTO `biz_instruction_code` (`instruction`, `opcode`) VALUES ('StackConsumer', 'invokevirtual');
INSERT INTO `biz_instruction_code` (`instruction`, `opcode`) VALUES ('StackConsumer', 'invokespecial');
INSERT INTO `biz_instruction_code` (`instruction`, `opcode`) VALUES ('StackConsumer', 'invokestatic');
INSERT INTO `biz_instruction_code` (`instruction`, `opcode`) VALUES ('StackConsumer', 'invokeinterface');
INSERT INTO `biz_instruction_code` (`instruction`, `opcode`) VALUES ('StackConsumer', 'invokedynamic');
INSERT INTO `biz_instruction_code` (`instruction`, `opcode`) VALUES ('StackConsumer', 'anewarray');
INSERT INTO `biz_instruction_code` (`instruction`, `opcode`) VALUES ('StackConsumer', 'arraylength');
INSERT INTO `biz_instruction_code` (`instruction`, `opcode`) VALUES ('StackConsumer', 'checkcast');
INSERT INTO `biz_instruction_code` (`instruction`, `opcode`) VALUES ('StackConsumer', 'instanceof');
INSERT INTO `biz_instruction_code` (`instruction`, `opcode`) VALUES ('StackConsumer', 'monitorenter');
INSERT INTO `biz_instruction_code` (`instruction`, `opcode`) VALUES ('StackConsumer', 'monitorexit');
INSERT INTO `biz_instruction_code` (`instruction`, `opcode`) VALUES ('StackConsumer', 'ifnull');
INSERT INTO `biz_instruction_code` (`instruction`, `opcode`) VALUES ('StackConsumer', 'ifnonnull');

INSERT INTO `biz_instruction_code` (`instruction`, `opcode`) VALUES ('StackInstruction', 'pop');
INSERT INTO `biz_instruction_code` (`instruction`, `opcode`) VALUES ('StackInstruction', 'pop2');
INSERT INTO `biz_instruction_code` (`instruction`, `opcode`) VALUES ('StackInstruction', 'dup');
INSERT INTO `biz_instruction_code` (`instruction`, `opcode`) VALUES ('StackInstruction', 'dup_x1');
INSERT INTO `biz_instruction_code` (`instruction`, `opcode`) VALUES ('StackInstruction', 'dup_x2');
INSERT INTO `biz_instruction_code` (`instruction`, `opcode`) VALUES ('StackInstruction', 'dup2');
INSERT INTO `biz_instruction_code` (`instruction`, `opcode`) VALUES ('StackInstruction', 'dup2_x1');
INSERT INTO `biz_instruction_code` (`instruction`, `opcode`) VALUES ('StackInstruction', 'dup2_x2');
INSERT INTO `biz_instruction_code` (`instruction`, `opcode`) VALUES ('StackInstruction', 'swap');

INSERT INTO `biz_instruction_code` (`instruction`, `opcode`) VALUES ('StackProducer', 'aconst_null');
INSERT INTO `biz_instruction_code` (`instruction`, `opcode`) VALUES ('StackProducer', 'iconst_m1');
INSERT INTO `biz_instruction_code` (`instruction`, `opcode`) VALUES ('StackProducer', 'iconst_0');
INSERT INTO `biz_instruction_code` (`instruction`, `opcode`) VALUES ('StackProducer', 'iconst_1');
INSERT INTO `biz_instruction_code` (`instruction`, `opcode`) VALUES ('StackProducer', 'iconst_2');
INSERT INTO `biz_instruction_code` (`instruction`, `opcode`) VALUES ('StackProducer', 'iconst_3');
INSERT INTO `biz_instruction_code` (`instruction`, `opcode`) VALUES ('StackProducer', 'iconst_4');
INSERT INTO `biz_instruction_code` (`instruction`, `opcode`) VALUES ('StackProducer', 'iconst_5');
INSERT INTO `biz_instruction_code` (`instruction`, `opcode`) VALUES ('StackProducer', 'lconst_0');
INSERT INTO `biz_instruction_code` (`instruction`, `opcode`) VALUES ('StackProducer', 'lconst_1');
INSERT INTO `biz_instruction_code` (`instruction`, `opcode`) VALUES ('StackProducer', 'fconst_0');
INSERT INTO `biz_instruction_code` (`instruction`, `opcode`) VALUES ('StackProducer', 'fconst_1');
INSERT INTO `biz_instruction_code` (`instruction`, `opcode`) VALUES ('StackProducer', 'fconst_2');
INSERT INTO `biz_instruction_code` (`instruction`, `opcode`) VALUES ('StackProducer', 'dconst_0');
INSERT INTO `biz_instruction_code` (`instruction`, `opcode`) VALUES ('StackProducer', 'dconst_1');
INSERT INTO `biz_instruction_code` (`instruction`, `opcode`) VALUES ('StackProducer', 'bipush');
INSERT INTO `biz_instruction_code` (`instruction`, `opcode`) VALUES ('StackProducer', 'sipush');
INSERT INTO `biz_instruction_code` (`instruction`, `opcode`) VALUES ('StackProducer', 'ldc');
INSERT INTO `biz_instruction_code` (`instruction`, `opcode`) VALUES ('StackProducer', 'ldc_w');
INSERT INTO `biz_instruction_code` (`instruction`, `opcode`) VALUES ('StackProducer', 'ldc2_w');
INSERT INTO `biz_instruction_code` (`instruction`, `opcode`) VALUES ('StackProducer', 'iload');
INSERT INTO `biz_instruction_code` (`instruction`, `opcode`) VALUES ('StackProducer', 'lload');
INSERT INTO `biz_instruction_code` (`instruction`, `opcode`) VALUES ('StackProducer', 'fload');
INSERT INTO `biz_instruction_code` (`instruction`, `opcode`) VALUES ('StackProducer', 'dload');
INSERT INTO `biz_instruction_code` (`instruction`, `opcode`) VALUES ('StackProducer', 'aload');
INSERT INTO `biz_instruction_code` (`instruction`, `opcode`) VALUES ('StackProducer', 'iload_0');
INSERT INTO `biz_instruction_code` (`instruction`, `opcode`) VALUES ('StackProducer', 'iload_1');
INSERT INTO `biz_instruction_code` (`instruction`, `opcode`) VALUES ('StackProducer', 'iload_2');
INSERT INTO `biz_instruction_code` (`instruction`, `opcode`) VALUES ('StackProducer', 'iload_3');
INSERT INTO `biz_instruction_code` (`instruction`, `opcode`) VALUES ('StackProducer', 'lload_0');
INSERT INTO `biz_instruction_code` (`instruction`, `opcode`) VALUES ('StackProducer', 'lload_1');
INSERT INTO `biz_instruction_code` (`instruction`, `opcode`) VALUES ('StackProducer', 'lload_2');
INSERT INTO `biz_instruction_code` (`instruction`, `opcode`) VALUES ('StackProducer', 'lload_3');
INSERT INTO `biz_instruction_code` (`instruction`, `opcode`) VALUES ('StackProducer', 'fload_0');
INSERT INTO `biz_instruction_code` (`instruction`, `opcode`) VALUES ('StackProducer', 'fload_1');
INSERT INTO `biz_instruction_code` (`instruction`, `opcode`) VALUES ('StackProducer', 'fload_2');
INSERT INTO `biz_instruction_code` (`instruction`, `opcode`) VALUES ('StackProducer', 'fload_3');
INSERT INTO `biz_instruction_code` (`instruction`, `opcode`) VALUES ('StackProducer', 'dload_0');
INSERT INTO `biz_instruction_code` (`instruction`, `opcode`) VALUES ('StackProducer', 'dload_1');
INSERT INTO `biz_instruction_code` (`instruction`, `opcode`) VALUES ('StackProducer', 'dload_2');
INSERT INTO `biz_instruction_code` (`instruction`, `opcode`) VALUES ('StackProducer', 'dload_3');
INSERT INTO `biz_instruction_code` (`instruction`, `opcode`) VALUES ('StackProducer', 'aload_0');
INSERT INTO `biz_instruction_code` (`instruction`, `opcode`) VALUES ('StackProducer', 'aload_1');
INSERT INTO `biz_instruction_code` (`instruction`, `opcode`) VALUES ('StackProducer', 'aload_2');
INSERT INTO `biz_instruction_code` (`instruction`, `opcode`) VALUES ('StackProducer', 'aload_3');
INSERT INTO `biz_instruction_code` (`instruction`, `opcode`) VALUES ('StackProducer', 'iaload');
INSERT INTO `biz_instruction_code` (`instruction`, `opcode`) VALUES ('StackProducer', 'laload');
INSERT INTO `biz_instruction_code` (`instruction`, `opcode`) VALUES ('StackProducer', 'faload');
INSERT INTO `biz_instruction_code` (`instruction`, `opcode`) VALUES ('StackProducer', 'daload');
INSERT INTO `biz_instruction_code` (`instruction`, `opcode`) VALUES ('StackProducer', 'aaload');
INSERT INTO `biz_instruction_code` (`instruction`, `opcode`) VALUES ('StackProducer', 'baload');
INSERT INTO `biz_instruction_code` (`instruction`, `opcode`) VALUES ('StackProducer', 'caload');
INSERT INTO `biz_instruction_code` (`instruction`, `opcode`) VALUES ('StackProducer', 'saload');
INSERT INTO `biz_instruction_code` (`instruction`, `opcode`) VALUES ('StackProducer', 'dup');
INSERT INTO `biz_instruction_code` (`instruction`, `opcode`) VALUES ('StackProducer', 'dup2');
INSERT INTO `biz_instruction_code` (`instruction`, `opcode`) VALUES ('StackProducer', 'swap');
INSERT INTO `biz_instruction_code` (`instruction`, `opcode`) VALUES ('StackProducer', 'iadd');
INSERT INTO `biz_instruction_code` (`instruction`, `opcode`) VALUES ('StackProducer', 'ladd');
INSERT INTO `biz_instruction_code` (`instruction`, `opcode`) VALUES ('StackProducer', 'fadd');
INSERT INTO `biz_instruction_code` (`instruction`, `opcode`) VALUES ('StackProducer', 'dadd');
INSERT INTO `biz_instruction_code` (`instruction`, `opcode`) VALUES ('StackProducer', 'isub');
INSERT INTO `biz_instruction_code` (`instruction`, `opcode`) VALUES ('StackProducer', 'lsub');
INSERT INTO `biz_instruction_code` (`instruction`, `opcode`) VALUES ('StackProducer', 'fsub');
INSERT INTO `biz_instruction_code` (`instruction`, `opcode`) VALUES ('StackProducer', 'dsub');
INSERT INTO `biz_instruction_code` (`instruction`, `opcode`) VALUES ('StackProducer', 'imul');
INSERT INTO `biz_instruction_code` (`instruction`, `opcode`) VALUES ('StackProducer', 'lmul');
INSERT INTO `biz_instruction_code` (`instruction`, `opcode`) VALUES ('StackProducer', 'fmul');
INSERT INTO `biz_instruction_code` (`instruction`, `opcode`) VALUES ('StackProducer', 'dmul');
INSERT INTO `biz_instruction_code` (`instruction`, `opcode`) VALUES ('StackProducer', 'idiv');
INSERT INTO `biz_instruction_code` (`instruction`, `opcode`) VALUES ('StackProducer', 'ldiv');
INSERT INTO `biz_instruction_code` (`instruction`, `opcode`) VALUES ('StackProducer', 'fdiv');
INSERT INTO `biz_instruction_code` (`instruction`, `opcode`) VALUES ('StackProducer', 'ddiv');
INSERT INTO `biz_instruction_code` (`instruction`, `opcode`) VALUES ('StackProducer', 'irem');
INSERT INTO `biz_instruction_code` (`instruction`, `opcode`) VALUES ('StackProducer', 'lrem');
INSERT INTO `biz_instruction_code` (`instruction`, `opcode`) VALUES ('StackProducer', 'frem');
INSERT INTO `biz_instruction_code` (`instruction`, `opcode`) VALUES ('StackProducer', 'drem');
INSERT INTO `biz_instruction_code` (`instruction`, `opcode`) VALUES ('StackProducer', 'ineg');
INSERT INTO `biz_instruction_code` (`instruction`, `opcode`) VALUES ('StackProducer', 'lneg');
INSERT INTO `biz_instruction_code` (`instruction`, `opcode`) VALUES ('StackProducer', 'fneg');
INSERT INTO `biz_instruction_code` (`instruction`, `opcode`) VALUES ('StackProducer', 'dneg');
INSERT INTO `biz_instruction_code` (`instruction`, `opcode`) VALUES ('StackProducer', 'ishl');
INSERT INTO `biz_instruction_code` (`instruction`, `opcode`) VALUES ('StackProducer', 'lshl');
INSERT INTO `biz_instruction_code` (`instruction`, `opcode`) VALUES ('StackProducer', 'ishr');
INSERT INTO `biz_instruction_code` (`instruction`, `opcode`) VALUES ('StackProducer', 'lshr');
INSERT INTO `biz_instruction_code` (`instruction`, `opcode`) VALUES ('StackProducer', 'iushr');
INSERT INTO `biz_instruction_code` (`instruction`, `opcode`) VALUES ('StackProducer', 'lushr');
INSERT INTO `biz_instruction_code` (`instruction`, `opcode`) VALUES ('StackProducer', 'iand');
INSERT INTO `biz_instruction_code` (`instruction`, `opcode`) VALUES ('StackProducer', 'land');
INSERT INTO `biz_instruction_code` (`instruction`, `opcode`) VALUES ('StackProducer', 'ior');
INSERT INTO `biz_instruction_code` (`instruction`, `opcode`) VALUES ('StackProducer', 'lor');
INSERT INTO `biz_instruction_code` (`instruction`, `opcode`) VALUES ('StackProducer', 'ixor');
INSERT INTO `biz_instruction_code` (`instruction`, `opcode`) VALUES ('StackProducer', 'lxor');
INSERT INTO `biz_instruction_code` (`instruction`, `opcode`) VALUES ('StackProducer', 'i2l');
INSERT INTO `biz_instruction_code` (`instruction`, `opcode`) VALUES ('StackProducer', 'i2f');
INSERT INTO `biz_instruction_code` (`instruction`, `opcode`) VALUES ('StackProducer', 'i2d');
INSERT INTO `biz_instruction_code` (`instruction`, `opcode`) VALUES ('StackProducer', 'l2i');
INSERT INTO `biz_instruction_code` (`instruction`, `opcode`) VALUES ('StackProducer', 'l2f');
INSERT INTO `biz_instruction_code` (`instruction`, `opcode`) VALUES ('StackProducer', 'l2d');
INSERT INTO `biz_instruction_code` (`instruction`, `opcode`) VALUES ('StackProducer', 'f2i');
INSERT INTO `biz_instruction_code` (`instruction`, `opcode`) VALUES ('StackProducer', 'f2l');
INSERT INTO `biz_instruction_code` (`instruction`, `opcode`) VALUES ('StackProducer', 'f2d');
INSERT INTO `biz_instruction_code` (`instruction`, `opcode`) VALUES ('StackProducer', 'd2i');
INSERT INTO `biz_instruction_code` (`instruction`, `opcode`) VALUES ('StackProducer', 'd2l');
INSERT INTO `biz_instruction_code` (`instruction`, `opcode`) VALUES ('StackProducer', 'd2f');
INSERT INTO `biz_instruction_code` (`instruction`, `opcode`) VALUES ('StackProducer', 'i2b');
INSERT INTO `biz_instruction_code` (`instruction`, `opcode`) VALUES ('StackProducer', 'i2c');
INSERT INTO `biz_instruction_code` (`instruction`, `opcode`) VALUES ('StackProducer', 'i2s');
INSERT INTO `biz_instruction_code` (`instruction`, `opcode`) VALUES ('StackProducer', 'lcmp');
INSERT INTO `biz_instruction_code` (`instruction`, `opcode`) VALUES ('StackProducer', 'fcmpl');
INSERT INTO `biz_instruction_code` (`instruction`, `opcode`) VALUES ('StackProducer', 'fcmpg');
INSERT INTO `biz_instruction_code` (`instruction`, `opcode`) VALUES ('StackProducer', 'dcmpl');
INSERT INTO `biz_instruction_code` (`instruction`, `opcode`) VALUES ('StackProducer', 'dcmpg');
INSERT INTO `biz_instruction_code` (`instruction`, `opcode`) VALUES ('StackProducer', 'jsr');
INSERT INTO `biz_instruction_code` (`instruction`, `opcode`) VALUES ('StackProducer', 'getstatic');
INSERT INTO `biz_instruction_code` (`instruction`, `opcode`) VALUES ('StackProducer', 'getfield');
INSERT INTO `biz_instruction_code` (`instruction`, `opcode`) VALUES ('StackProducer', 'invokevirtual');
INSERT INTO `biz_instruction_code` (`instruction`, `opcode`) VALUES ('StackProducer', 'invokespecial');
INSERT INTO `biz_instruction_code` (`instruction`, `opcode`) VALUES ('StackProducer', 'invokestatic');
INSERT INTO `biz_instruction_code` (`instruction`, `opcode`) VALUES ('StackProducer', 'invokeinterface');
INSERT INTO `biz_instruction_code` (`instruction`, `opcode`) VALUES ('StackProducer', 'invokedynamic');
INSERT INTO `biz_instruction_code` (`instruction`, `opcode`) VALUES ('StackProducer', 'new');
INSERT INTO `biz_instruction_code` (`instruction`, `opcode`) VALUES ('StackProducer', 'newarray');
INSERT INTO `biz_instruction_code` (`instruction`, `opcode`) VALUES ('StackProducer', 'anewarray');
INSERT INTO `biz_instruction_code` (`instruction`, `opcode`) VALUES ('StackProducer', 'arraylength');
INSERT INTO `biz_instruction_code` (`instruction`, `opcode`) VALUES ('StackProducer', 'checkcast');
INSERT INTO `biz_instruction_code` (`instruction`, `opcode`) VALUES ('StackProducer', 'instanceof');
INSERT INTO `biz_instruction_code` (`instruction`, `opcode`) VALUES ('StackProducer', 'jsr_w');

INSERT INTO `biz_instruction_code` (`instruction`, `opcode`) VALUES ('StoreInstruction', 'istore');
INSERT INTO `biz_instruction_code` (`instruction`, `opcode`) VALUES ('StoreInstruction', 'lstore');
INSERT INTO `biz_instruction_code` (`instruction`, `opcode`) VALUES ('StoreInstruction', 'fstore');
INSERT INTO `biz_instruction_code` (`instruction`, `opcode`) VALUES ('StoreInstruction', 'dstore');
INSERT INTO `biz_instruction_code` (`instruction`, `opcode`) VALUES ('StoreInstruction', 'astore');
INSERT INTO `biz_instruction_code` (`instruction`, `opcode`) VALUES ('StoreInstruction', 'istore_0');
INSERT INTO `biz_instruction_code` (`instruction`, `opcode`) VALUES ('StoreInstruction', 'istore_1');
INSERT INTO `biz_instruction_code` (`instruction`, `opcode`) VALUES ('StoreInstruction', 'istore_2');
INSERT INTO `biz_instruction_code` (`instruction`, `opcode`) VALUES ('StoreInstruction', 'istore_3');
INSERT INTO `biz_instruction_code` (`instruction`, `opcode`) VALUES ('StoreInstruction', 'lstore_0');
INSERT INTO `biz_instruction_code` (`instruction`, `opcode`) VALUES ('StoreInstruction', 'lstore_1');
INSERT INTO `biz_instruction_code` (`instruction`, `opcode`) VALUES ('StoreInstruction', 'lstore_2');
INSERT INTO `biz_instruction_code` (`instruction`, `opcode`) VALUES ('StoreInstruction', 'lstore_3');
INSERT INTO `biz_instruction_code` (`instruction`, `opcode`) VALUES ('StoreInstruction', 'fstore_0');
INSERT INTO `biz_instruction_code` (`instruction`, `opcode`) VALUES ('StoreInstruction', 'fstore_1');
INSERT INTO `biz_instruction_code` (`instruction`, `opcode`) VALUES ('StoreInstruction', 'fstore_2');
INSERT INTO `biz_instruction_code` (`instruction`, `opcode`) VALUES ('StoreInstruction', 'fstore_3');
INSERT INTO `biz_instruction_code` (`instruction`, `opcode`) VALUES ('StoreInstruction', 'dstore_0');
INSERT INTO `biz_instruction_code` (`instruction`, `opcode`) VALUES ('StoreInstruction', 'dstore_1');
INSERT INTO `biz_instruction_code` (`instruction`, `opcode`) VALUES ('StoreInstruction', 'dstore_2');
INSERT INTO `biz_instruction_code` (`instruction`, `opcode`) VALUES ('StoreInstruction', 'dstore_3');
INSERT INTO `biz_instruction_code` (`instruction`, `opcode`) VALUES ('StoreInstruction', 'astore_0');
INSERT INTO `biz_instruction_code` (`instruction`, `opcode`) VALUES ('StoreInstruction', 'astore_1');
INSERT INTO `biz_instruction_code` (`instruction`, `opcode`) VALUES ('StoreInstruction', 'astore_2');
INSERT INTO `biz_instruction_code` (`instruction`, `opcode`) VALUES ('StoreInstruction', 'astore_3');

INSERT INTO `biz_instruction_code` (`instruction`, `opcode`) VALUES ('TypedInstruction', 'aconst_null');
INSERT INTO `biz_instruction_code` (`instruction`, `opcode`) VALUES ('TypedInstruction', 'iconst_m1');
INSERT INTO `biz_instruction_code` (`instruction`, `opcode`) VALUES ('TypedInstruction', 'iconst_0');
INSERT INTO `biz_instruction_code` (`instruction`, `opcode`) VALUES ('TypedInstruction', 'iconst_1');
INSERT INTO `biz_instruction_code` (`instruction`, `opcode`) VALUES ('TypedInstruction', 'iconst_2');
INSERT INTO `biz_instruction_code` (`instruction`, `opcode`) VALUES ('TypedInstruction', 'iconst_3');
INSERT INTO `biz_instruction_code` (`instruction`, `opcode`) VALUES ('TypedInstruction', 'iconst_4');
INSERT INTO `biz_instruction_code` (`instruction`, `opcode`) VALUES ('TypedInstruction', 'iconst_5');
INSERT INTO `biz_instruction_code` (`instruction`, `opcode`) VALUES ('TypedInstruction', 'lconst_0');
INSERT INTO `biz_instruction_code` (`instruction`, `opcode`) VALUES ('TypedInstruction', 'lconst_1');
INSERT INTO `biz_instruction_code` (`instruction`, `opcode`) VALUES ('TypedInstruction', 'fconst_0');
INSERT INTO `biz_instruction_code` (`instruction`, `opcode`) VALUES ('TypedInstruction', 'fconst_1');
INSERT INTO `biz_instruction_code` (`instruction`, `opcode`) VALUES ('TypedInstruction', 'fconst_2');
INSERT INTO `biz_instruction_code` (`instruction`, `opcode`) VALUES ('TypedInstruction', 'dconst_0');
INSERT INTO `biz_instruction_code` (`instruction`, `opcode`) VALUES ('TypedInstruction', 'dconst_1');
INSERT INTO `biz_instruction_code` (`instruction`, `opcode`) VALUES ('TypedInstruction', 'bipush');
INSERT INTO `biz_instruction_code` (`instruction`, `opcode`) VALUES ('TypedInstruction', 'sipush');
INSERT INTO `biz_instruction_code` (`instruction`, `opcode`) VALUES ('TypedInstruction', 'ldc');
INSERT INTO `biz_instruction_code` (`instruction`, `opcode`) VALUES ('TypedInstruction', 'ldc_w');
INSERT INTO `biz_instruction_code` (`instruction`, `opcode`) VALUES ('TypedInstruction', 'ldc2_w');
INSERT INTO `biz_instruction_code` (`instruction`, `opcode`) VALUES ('TypedInstruction', 'iload');
INSERT INTO `biz_instruction_code` (`instruction`, `opcode`) VALUES ('TypedInstruction', 'lload');
INSERT INTO `biz_instruction_code` (`instruction`, `opcode`) VALUES ('TypedInstruction', 'fload');
INSERT INTO `biz_instruction_code` (`instruction`, `opcode`) VALUES ('TypedInstruction', 'dload');
INSERT INTO `biz_instruction_code` (`instruction`, `opcode`) VALUES ('TypedInstruction', 'aload');
INSERT INTO `biz_instruction_code` (`instruction`, `opcode`) VALUES ('TypedInstruction', 'iload_0');
INSERT INTO `biz_instruction_code` (`instruction`, `opcode`) VALUES ('TypedInstruction', 'iload_1');
INSERT INTO `biz_instruction_code` (`instruction`, `opcode`) VALUES ('TypedInstruction', 'iload_2');
INSERT INTO `biz_instruction_code` (`instruction`, `opcode`) VALUES ('TypedInstruction', 'iload_3');
INSERT INTO `biz_instruction_code` (`instruction`, `opcode`) VALUES ('TypedInstruction', 'lload_0');
INSERT INTO `biz_instruction_code` (`instruction`, `opcode`) VALUES ('TypedInstruction', 'lload_1');
INSERT INTO `biz_instruction_code` (`instruction`, `opcode`) VALUES ('TypedInstruction', 'lload_2');
INSERT INTO `biz_instruction_code` (`instruction`, `opcode`) VALUES ('TypedInstruction', 'lload_3');
INSERT INTO `biz_instruction_code` (`instruction`, `opcode`) VALUES ('TypedInstruction', 'fload_0');
INSERT INTO `biz_instruction_code` (`instruction`, `opcode`) VALUES ('TypedInstruction', 'fload_1');
INSERT INTO `biz_instruction_code` (`instruction`, `opcode`) VALUES ('TypedInstruction', 'fload_2');
INSERT INTO `biz_instruction_code` (`instruction`, `opcode`) VALUES ('TypedInstruction', 'fload_3');
INSERT INTO `biz_instruction_code` (`instruction`, `opcode`) VALUES ('TypedInstruction', 'dload_0');
INSERT INTO `biz_instruction_code` (`instruction`, `opcode`) VALUES ('TypedInstruction', 'dload_1');
INSERT INTO `biz_instruction_code` (`instruction`, `opcode`) VALUES ('TypedInstruction', 'dload_2');
INSERT INTO `biz_instruction_code` (`instruction`, `opcode`) VALUES ('TypedInstruction', 'dload_3');
INSERT INTO `biz_instruction_code` (`instruction`, `opcode`) VALUES ('TypedInstruction', 'aload_0');
INSERT INTO `biz_instruction_code` (`instruction`, `opcode`) VALUES ('TypedInstruction', 'aload_1');
INSERT INTO `biz_instruction_code` (`instruction`, `opcode`) VALUES ('TypedInstruction', 'aload_2');
INSERT INTO `biz_instruction_code` (`instruction`, `opcode`) VALUES ('TypedInstruction', 'aload_3');
INSERT INTO `biz_instruction_code` (`instruction`, `opcode`) VALUES ('TypedInstruction', 'iaload');
INSERT INTO `biz_instruction_code` (`instruction`, `opcode`) VALUES ('TypedInstruction', 'laload');
INSERT INTO `biz_instruction_code` (`instruction`, `opcode`) VALUES ('TypedInstruction', 'faload');
INSERT INTO `biz_instruction_code` (`instruction`, `opcode`) VALUES ('TypedInstruction', 'daload');
INSERT INTO `biz_instruction_code` (`instruction`, `opcode`) VALUES ('TypedInstruction', 'aaload');
INSERT INTO `biz_instruction_code` (`instruction`, `opcode`) VALUES ('TypedInstruction', 'baload');
INSERT INTO `biz_instruction_code` (`instruction`, `opcode`) VALUES ('TypedInstruction', 'caload');
INSERT INTO `biz_instruction_code` (`instruction`, `opcode`) VALUES ('TypedInstruction', 'saload');
INSERT INTO `biz_instruction_code` (`instruction`, `opcode`) VALUES ('TypedInstruction', 'istore');
INSERT INTO `biz_instruction_code` (`instruction`, `opcode`) VALUES ('TypedInstruction', 'lstore');
INSERT INTO `biz_instruction_code` (`instruction`, `opcode`) VALUES ('TypedInstruction', 'fstore');
INSERT INTO `biz_instruction_code` (`instruction`, `opcode`) VALUES ('TypedInstruction', 'dstore');
INSERT INTO `biz_instruction_code` (`instruction`, `opcode`) VALUES ('TypedInstruction', 'astore');
INSERT INTO `biz_instruction_code` (`instruction`, `opcode`) VALUES ('TypedInstruction', 'istore_0');
INSERT INTO `biz_instruction_code` (`instruction`, `opcode`) VALUES ('TypedInstruction', 'istore_1');
INSERT INTO `biz_instruction_code` (`instruction`, `opcode`) VALUES ('TypedInstruction', 'istore_2');
INSERT INTO `biz_instruction_code` (`instruction`, `opcode`) VALUES ('TypedInstruction', 'istore_3');
INSERT INTO `biz_instruction_code` (`instruction`, `opcode`) VALUES ('TypedInstruction', 'lstore_0');
INSERT INTO `biz_instruction_code` (`instruction`, `opcode`) VALUES ('TypedInstruction', 'lstore_1');
INSERT INTO `biz_instruction_code` (`instruction`, `opcode`) VALUES ('TypedInstruction', 'lstore_2');
INSERT INTO `biz_instruction_code` (`instruction`, `opcode`) VALUES ('TypedInstruction', 'lstore_3');
INSERT INTO `biz_instruction_code` (`instruction`, `opcode`) VALUES ('TypedInstruction', 'fstore_0');
INSERT INTO `biz_instruction_code` (`instruction`, `opcode`) VALUES ('TypedInstruction', 'fstore_1');
INSERT INTO `biz_instruction_code` (`instruction`, `opcode`) VALUES ('TypedInstruction', 'fstore_2');
INSERT INTO `biz_instruction_code` (`instruction`, `opcode`) VALUES ('TypedInstruction', 'fstore_3');
INSERT INTO `biz_instruction_code` (`instruction`, `opcode`) VALUES ('TypedInstruction', 'dstore_0');
INSERT INTO `biz_instruction_code` (`instruction`, `opcode`) VALUES ('TypedInstruction', 'dstore_1');
INSERT INTO `biz_instruction_code` (`instruction`, `opcode`) VALUES ('TypedInstruction', 'dstore_2');
INSERT INTO `biz_instruction_code` (`instruction`, `opcode`) VALUES ('TypedInstruction', 'dstore_3');
INSERT INTO `biz_instruction_code` (`instruction`, `opcode`) VALUES ('TypedInstruction', 'astore_0');
INSERT INTO `biz_instruction_code` (`instruction`, `opcode`) VALUES ('TypedInstruction', 'astore_1');
INSERT INTO `biz_instruction_code` (`instruction`, `opcode`) VALUES ('TypedInstruction', 'astore_2');
INSERT INTO `biz_instruction_code` (`instruction`, `opcode`) VALUES ('TypedInstruction', 'astore_3');
INSERT INTO `biz_instruction_code` (`instruction`, `opcode`) VALUES ('TypedInstruction', 'iastore');
INSERT INTO `biz_instruction_code` (`instruction`, `opcode`) VALUES ('TypedInstruction', 'lastore');
INSERT INTO `biz_instruction_code` (`instruction`, `opcode`) VALUES ('TypedInstruction', 'fastore');
INSERT INTO `biz_instruction_code` (`instruction`, `opcode`) VALUES ('TypedInstruction', 'dastore');
INSERT INTO `biz_instruction_code` (`instruction`, `opcode`) VALUES ('TypedInstruction', 'aastore');
INSERT INTO `biz_instruction_code` (`instruction`, `opcode`) VALUES ('TypedInstruction', 'bastore');
INSERT INTO `biz_instruction_code` (`instruction`, `opcode`) VALUES ('TypedInstruction', 'castore');
INSERT INTO `biz_instruction_code` (`instruction`, `opcode`) VALUES ('TypedInstruction', 'sastore');
INSERT INTO `biz_instruction_code` (`instruction`, `opcode`) VALUES ('TypedInstruction', 'iadd');
INSERT INTO `biz_instruction_code` (`instruction`, `opcode`) VALUES ('TypedInstruction', 'ladd');
INSERT INTO `biz_instruction_code` (`instruction`, `opcode`) VALUES ('TypedInstruction', 'fadd');
INSERT INTO `biz_instruction_code` (`instruction`, `opcode`) VALUES ('TypedInstruction', 'dadd');
INSERT INTO `biz_instruction_code` (`instruction`, `opcode`) VALUES ('TypedInstruction', 'isub');
INSERT INTO `biz_instruction_code` (`instruction`, `opcode`) VALUES ('TypedInstruction', 'lsub');
INSERT INTO `biz_instruction_code` (`instruction`, `opcode`) VALUES ('TypedInstruction', 'fsub');
INSERT INTO `biz_instruction_code` (`instruction`, `opcode`) VALUES ('TypedInstruction', 'dsub');
INSERT INTO `biz_instruction_code` (`instruction`, `opcode`) VALUES ('TypedInstruction', 'imul');
INSERT INTO `biz_instruction_code` (`instruction`, `opcode`) VALUES ('TypedInstruction', 'lmul');
INSERT INTO `biz_instruction_code` (`instruction`, `opcode`) VALUES ('TypedInstruction', 'fmul');
INSERT INTO `biz_instruction_code` (`instruction`, `opcode`) VALUES ('TypedInstruction', 'dmul');
INSERT INTO `biz_instruction_code` (`instruction`, `opcode`) VALUES ('TypedInstruction', 'idiv');
INSERT INTO `biz_instruction_code` (`instruction`, `opcode`) VALUES ('TypedInstruction', 'ldiv');
INSERT INTO `biz_instruction_code` (`instruction`, `opcode`) VALUES ('TypedInstruction', 'fdiv');
INSERT INTO `biz_instruction_code` (`instruction`, `opcode`) VALUES ('TypedInstruction', 'ddiv');
INSERT INTO `biz_instruction_code` (`instruction`, `opcode`) VALUES ('TypedInstruction', 'irem');
INSERT INTO `biz_instruction_code` (`instruction`, `opcode`) VALUES ('TypedInstruction', 'lrem');
INSERT INTO `biz_instruction_code` (`instruction`, `opcode`) VALUES ('TypedInstruction', 'frem');
INSERT INTO `biz_instruction_code` (`instruction`, `opcode`) VALUES ('TypedInstruction', 'drem');
INSERT INTO `biz_instruction_code` (`instruction`, `opcode`) VALUES ('TypedInstruction', 'ineg');
INSERT INTO `biz_instruction_code` (`instruction`, `opcode`) VALUES ('TypedInstruction', 'lneg');
INSERT INTO `biz_instruction_code` (`instruction`, `opcode`) VALUES ('TypedInstruction', 'fneg');
INSERT INTO `biz_instruction_code` (`instruction`, `opcode`) VALUES ('TypedInstruction', 'dneg');
INSERT INTO `biz_instruction_code` (`instruction`, `opcode`) VALUES ('TypedInstruction', 'ishl');
INSERT INTO `biz_instruction_code` (`instruction`, `opcode`) VALUES ('TypedInstruction', 'lshl');
INSERT INTO `biz_instruction_code` (`instruction`, `opcode`) VALUES ('TypedInstruction', 'ishr');
INSERT INTO `biz_instruction_code` (`instruction`, `opcode`) VALUES ('TypedInstruction', 'lshr');
INSERT INTO `biz_instruction_code` (`instruction`, `opcode`) VALUES ('TypedInstruction', 'iushr');
INSERT INTO `biz_instruction_code` (`instruction`, `opcode`) VALUES ('TypedInstruction', 'lushr');
INSERT INTO `biz_instruction_code` (`instruction`, `opcode`) VALUES ('TypedInstruction', 'iand');
INSERT INTO `biz_instruction_code` (`instruction`, `opcode`) VALUES ('TypedInstruction', 'land');
INSERT INTO `biz_instruction_code` (`instruction`, `opcode`) VALUES ('TypedInstruction', 'ior');
INSERT INTO `biz_instruction_code` (`instruction`, `opcode`) VALUES ('TypedInstruction', 'lor');
INSERT INTO `biz_instruction_code` (`instruction`, `opcode`) VALUES ('TypedInstruction', 'ixor');
INSERT INTO `biz_instruction_code` (`instruction`, `opcode`) VALUES ('TypedInstruction', 'lxor');
INSERT INTO `biz_instruction_code` (`instruction`, `opcode`) VALUES ('TypedInstruction', 'iinc');
INSERT INTO `biz_instruction_code` (`instruction`, `opcode`) VALUES ('TypedInstruction', 'i2l');
INSERT INTO `biz_instruction_code` (`instruction`, `opcode`) VALUES ('TypedInstruction', 'i2f');
INSERT INTO `biz_instruction_code` (`instruction`, `opcode`) VALUES ('TypedInstruction', 'i2d');
INSERT INTO `biz_instruction_code` (`instruction`, `opcode`) VALUES ('TypedInstruction', 'l2i');
INSERT INTO `biz_instruction_code` (`instruction`, `opcode`) VALUES ('TypedInstruction', 'l2f');
INSERT INTO `biz_instruction_code` (`instruction`, `opcode`) VALUES ('TypedInstruction', 'l2d');
INSERT INTO `biz_instruction_code` (`instruction`, `opcode`) VALUES ('TypedInstruction', 'f2i');
INSERT INTO `biz_instruction_code` (`instruction`, `opcode`) VALUES ('TypedInstruction', 'f2l');
INSERT INTO `biz_instruction_code` (`instruction`, `opcode`) VALUES ('TypedInstruction', 'f2d');
INSERT INTO `biz_instruction_code` (`instruction`, `opcode`) VALUES ('TypedInstruction', 'd2i');
INSERT INTO `biz_instruction_code` (`instruction`, `opcode`) VALUES ('TypedInstruction', 'd2l');
INSERT INTO `biz_instruction_code` (`instruction`, `opcode`) VALUES ('TypedInstruction', 'd2f');
INSERT INTO `biz_instruction_code` (`instruction`, `opcode`) VALUES ('TypedInstruction', 'i2b');
INSERT INTO `biz_instruction_code` (`instruction`, `opcode`) VALUES ('TypedInstruction', 'i2c');
INSERT INTO `biz_instruction_code` (`instruction`, `opcode`) VALUES ('TypedInstruction', 'i2s');
INSERT INTO `biz_instruction_code` (`instruction`, `opcode`) VALUES ('TypedInstruction', 'lcmp');
INSERT INTO `biz_instruction_code` (`instruction`, `opcode`) VALUES ('TypedInstruction', 'fcmpl');
INSERT INTO `biz_instruction_code` (`instruction`, `opcode`) VALUES ('TypedInstruction', 'fcmpg');
INSERT INTO `biz_instruction_code` (`instruction`, `opcode`) VALUES ('TypedInstruction', 'dcmpl');
INSERT INTO `biz_instruction_code` (`instruction`, `opcode`) VALUES ('TypedInstruction', 'dcmpg');
INSERT INTO `biz_instruction_code` (`instruction`, `opcode`) VALUES ('TypedInstruction', 'jsr');
INSERT INTO `biz_instruction_code` (`instruction`, `opcode`) VALUES ('TypedInstruction', 'ret');
INSERT INTO `biz_instruction_code` (`instruction`, `opcode`) VALUES ('TypedInstruction', 'ireturn');
INSERT INTO `biz_instruction_code` (`instruction`, `opcode`) VALUES ('TypedInstruction', 'lreturn');
INSERT INTO `biz_instruction_code` (`instruction`, `opcode`) VALUES ('TypedInstruction', 'freturn');
INSERT INTO `biz_instruction_code` (`instruction`, `opcode`) VALUES ('TypedInstruction', 'dreturn');
INSERT INTO `biz_instruction_code` (`instruction`, `opcode`) VALUES ('TypedInstruction', 'areturn');
INSERT INTO `biz_instruction_code` (`instruction`, `opcode`) VALUES ('TypedInstruction', 'return');
INSERT INTO `biz_instruction_code` (`instruction`, `opcode`) VALUES ('TypedInstruction', 'getstatic');
INSERT INTO `biz_instruction_code` (`instruction`, `opcode`) VALUES ('TypedInstruction', 'putstatic');
INSERT INTO `biz_instruction_code` (`instruction`, `opcode`) VALUES ('TypedInstruction', 'getfield');
INSERT INTO `biz_instruction_code` (`instruction`, `opcode`) VALUES ('TypedInstruction', 'putfield');
INSERT INTO `biz_instruction_code` (`instruction`, `opcode`) VALUES ('TypedInstruction', 'invokevirtual');
INSERT INTO `biz_instruction_code` (`instruction`, `opcode`) VALUES ('TypedInstruction', 'invokespecial');
INSERT INTO `biz_instruction_code` (`instruction`, `opcode`) VALUES ('TypedInstruction', 'invokestatic');
INSERT INTO `biz_instruction_code` (`instruction`, `opcode`) VALUES ('TypedInstruction', 'invokeinterface');
INSERT INTO `biz_instruction_code` (`instruction`, `opcode`) VALUES ('TypedInstruction', 'invokedynamic');
INSERT INTO `biz_instruction_code` (`instruction`, `opcode`) VALUES ('TypedInstruction', 'new');
INSERT INTO `biz_instruction_code` (`instruction`, `opcode`) VALUES ('TypedInstruction', 'anewarray');
INSERT INTO `biz_instruction_code` (`instruction`, `opcode`) VALUES ('TypedInstruction', 'checkcast');
INSERT INTO `biz_instruction_code` (`instruction`, `opcode`) VALUES ('TypedInstruction', 'instanceof');
INSERT INTO `biz_instruction_code` (`instruction`, `opcode`) VALUES ('TypedInstruction', 'multianewarray');
INSERT INTO `biz_instruction_code` (`instruction`, `opcode`) VALUES ('TypedInstruction', 'jsr_w');

INSERT INTO `biz_instruction_code` (`instruction`, `opcode`) VALUES ('UnconditionalBranch', 'goto');
INSERT INTO `biz_instruction_code` (`instruction`, `opcode`) VALUES ('UnconditionalBranch', 'jsr');
INSERT INTO `biz_instruction_code` (`instruction`, `opcode`) VALUES ('UnconditionalBranch', 'athrow');
INSERT INTO `biz_instruction_code` (`instruction`, `opcode`) VALUES ('UnconditionalBranch', 'goto_w');
INSERT INTO `biz_instruction_code` (`instruction`, `opcode`) VALUES ('UnconditionalBranch', 'jsr_w');










